Sample ID,HILIC_Cortisol,HILIC_Urea,HILIC_Adenosine,HILIC_Hypoxanthine,HILIC_Creatinine,HILIC_Hippuric acid,HILIC_Phenylalanine,HILIC_CAR 6:0,HILIC_Leucine/Isoleucine,HILIC_Proline,HILIC_Creatine,HILIC_Betaine,HILIC_CAR 3:0,HILIC_Carnitine,HILIC_Arginine,HILIC_Phenylalanine d5,HILIC_L-Isoleucine d7,HILIC_Valine d8,HILIC_L-Carnitine d3,REVER_Sphingosine,REVER_Sphingosine-1-Phosphate,REVER_LPC 14:0,REVER_LPC 16:0,REVER_LPC 17:0,REVER_LPC 17:1,REVER_LPC 18:0,REVER_LPC 18:1,REVER_LPC 19:0,REVER_LPE 18:0,REVER_LPI 20:4,REVER_Palmitoleic acid,REVER_Lauric acid,REVER_Arachidonic acid,REVER_Oleic acid,REVER_Bilirubin,REVER_Oleamide,REVER_Lactic acid,REVER_Pyruvic acid,REVER_Sphingosine d7,REVER_LPC 18:1 d7,REVER_Palmitic acid d31
O-T0-01,1003316667,1443665933,155725,1304467,8559877167,12322,867935,4671,2974328333,1586091667,954695,3275560333,1859566667,24861825,4338673333,304070,62966,12995,2688201,1093045375,3327375,56587625,325380525,473585,9018,967088875,812775,3089125,19343,625,4755525,7822625,52233875,596837125,975,3201125,144296375,1472,947074,180894,30951
O-T1-01,1108716667,1417506133,701225,1230401,8389234167,45642,624145,10966,2316228333,1116741667,928739,5256227333,1961966667,24727095,2008623333,296812,64873,12223,2832304,2075275375,5523375,101901625,530671225,802325,15784,1743532875,1418445,5535125,30901,1012,7665425,14154625,82395875,860125125,1122,7884125,196952375,2369,988434,191120,30575
O-T2-01,1163016667,1409172333,224325,1168541,9775961167,35066,654065,8761,2739668333,1905281667,1049627,5329829333,1952646667,26943815,2640653333,285055,67494,15146,2883756,1028375,1469375,17399625,104800025,139695,2710,268820875,201272,656125,5538,163,2472125,1038625,20771875,268164125,283,-1040875,22648375,716,1015364,195740,32235
O-T0-02,1062216667,1333687633,232625,969630,9984502167,44842,1061035,5002,2884968333,2668371667,1214717,6225391333,1613116667,28738675,7751563333,289928,67409,12888,2677246,208375,1549375,21732625,106259125,174595,2671,326680875,194907,62125,6060,224,580925,808625,17842875,170457125,272,-927875,44890375,511,936819,179140,31278
O-T1-02,6775166667,1513099733,37025,496771,8951857167,38292,479565,2593,1552478333,1590951667,704301,5398907333,1155366667,24434735,4914363333,284233,52323,10368,2659125,107375,869375,10794625,68489425,93865,1870,195564875,132513,637125,4462,112,1434925,2155625,15606875,185831125,282,-920875,72902375,597,905407,178781,30739
O-T2-02,1390716667,1475734633,834625,1193122,1000235717,50093,599125,5213,2117998333,9596516667,869248,4971579333,1417706667,22854255,3576773333,307234,60857,12283,2829055,61598375,893375,13639625,83816325,121015,2186,228136875,169194,654125,5375,102,1687925,1573625,17792875,216172125,395,-626875,76969375,676,950256,179438,31670
O-T0-03,6716166667,1370871733,140125,2218749,1054616517,4884,861555,7354,2847318333,1387771667,863061,6425779333,1154286667,23072165,5572653333,300341,66031,16509,2713645,61375,3622375,21743625,113666725,145985,2638,283458875,190186,741125,6160,163,1135225,1216625,22194875,243657125,802,-897875,41084375,700,961481,172214,34885
O-T1-03,6338166667,1568154433,244725,991792,1073107517,34638,768525,9051,3006828333,1932311667,1054184,7493425333,1822506667,26453665,4512333333,321517,69441,15214,2795914,202375,3071375,23862625,98916725,89815,2783,246380875,144500,728125,5221,225,3320025,1069625,28170875,409130125,987,-1022875,35616375,549,1020198,185373,36772
O-T2-03,6206166667,1364367733,117525,1379328,9083694167,30960,1024815,3736,4077278333,2650211667,1003189,7188972333,2469916667,30960565,4605113333,311053,70701,17515,2662774,182375,3290375,25561625,143093725,197285,3242,351169875,225804,789125,7283,252,1433925,185625,22925875,226790125,967,-1121875,40265375,572,971623,177292,34115
O-T0-04,3003816667,1932265233,23423725,1216287,1824916817,21995,1343625,4088,3537178333,1997121667,1527951,1793346333,1765026667,34736665,1288167333,196111,93582,20256,3971077,210375,1891375,13430625,85811625,112325,2236,218355875,162796,79125,5092,346,1814925,599625,15731875,263741125,1095,-148875,29458375,1631,800113,156321,30646
O-T1-04,1947816667,1750439833,13037525,944937,1719287417,45857,1866375,6487,5697468333,3102061667,1552939,5355629333,1869866667,34287935,1617460333,195433,102166,20161,3937971,150375,1417375,13519625,86426925,114925,2448,216508875,162507,-6875,5238,236,1861225,598625,16016875,267316125,703,-259875,28658375,1590,795881,158121,31354
O-T2-04,1575116667,1974860533,118225,1333410,1633186317,53256,2110745,7545,5911508333,2743371667,1284508,5408025333,2819336667,40932655,1244721333,181626,105251,24378,3853373,249375,1386375,13906625,86883325,114375,2254,222663875,163359,-15875,5256,271,1869825,557625,15967875,258360125,659,-63875,28394375,1543,791000,147885,29790
O-T0-05,1256116667,1392217733,278325,884211,1150619817,16706,573525,5582,2487478333,2231911667,466273,3842039333,1811606667,30005665,4990303333,274596,68215,11582,3303092,296375,2384375,19603625,133484225,212975,3549,406638875,336023,37125,8534,253,674325,561625,11796875,127968125,455,-853875,56917375,981,913838,180792,30278
O-T1-05,8811166667,1783793533,227825,1150357,1249590017,9980,658055,6555,3186128333,2071531667,862316,8151035333,3074156667,37477755,6273983333,246583,66677,10490,3179054,257375,2751375,13784625,82777925,140845,2398,244949875,169254,50125,5077,183,2545825,1365625,28638875,322280125,654,-1088875,38359375,569,916830,177171,30915
O-T2-05,1115116667,1544813433,488525,1043646,1238655617,26213,590785,10611,2414278333,1282711667,736752,6125887333,2891196667,37428235,4509183333,270754,67146,10399,3003647,234375,2614375,15480625,100318125,154905,2973,295473875,253894,55125,5610,183,1212325,363625,28616875,151820125,859,-1128875,41062375,612,866244,167647,28210
O-T0-06,7043166667,1394370333,174025,1562168,6833892167,9238,625625,5051,2746588333,1847421667,1351311,4277626333,1728516667,24529875,5076083333,267004,68120,14410,2962436,146375,1600375,27968625,119336425,165305,3080,289167875,183085,-14875,7525,211,328525,127625,20213875,81094125,402,-1094875,84666375,1778,905149,178252,31673
O-T1-06,1022716667,1546275133,462025,1872724,8036120167,20555,960535,7822,4045548333,2833741667,1467676,6120099333,2323946667,30785845,7027093333,255660,73353,14463,2971006,138375,2876375,24849625,116468125,168335,3183,289744875,153598,27125,7247,347,520025,827625,21611875,91933125,1050,-739875,86757375,1973,918133,177344,31436
O-T2-06,1329516667,1613761433,1799925,1784210,8676767167,8997,887305,5646,3333068333,1800221667,1574768,6102025333,2548736667,29651825,5422743333,277658,74514,14024,2958337,132375,3177375,7842625,84187925,132295,1666,233043875,143556,75125,4910,122,4861525,3819625,31604875,510518125,166,-965875,29824375,759,892010,174119,28974
O-T0-08,6990166667,1760097233,452325,1314669,1260428617,55341,681905,5194,3310538333,2022661667,898427,6277018333,4841676667,31298435,3468613333,302733,67582,15676,2794498,643375,1372375,9486625,67868725,94375,2482,211724875,150841,-4875,4881,98,5677125,2070625,31888875,499938125,670,-574875,55423375,683,938320,170042,35418
O-T1-08,1082216667,1784972033,1070125,1003673,1449276217,37938,758085,9092,3742678333,2219111667,907553,5235170333,3790196667,34828845,3818303333,288470,68527,15207,2649734,585375,1811375,14108625,101793425,127115,2681,249295875,241127,60125,6369,158,820525,667625,15122875,92297125,569,-1061875,55639375,633,906270,169794,32169
O-T2-08,7634166667,1464320133,1073825,1612613,1302276517,30774,802295,6224,3336418333,1669151667,735132,6142172333,3172436667,32949985,2842573333,293600,72914,15428,2689690,269375,1775375,24931625,120601825,165765,2547,422895875,203679,65125,8559,260,5492125,1896625,33226875,587227125,172,-810875,25985375,518,916063,167079,33954
O-T0-09,6817166667,1759311433,495425,962247,1413546217,30251,951285,11997,3470078333,2864411667,549612,8864763333,2154306667,25865185,7459143333,254399,79309,13033,3369991,236375,2636375,14230625,113871025,138745,2433,363441875,189895,21125,5497,258,1883025,2279625,24346875,298489125,418,-938875,57454375,743,891600,170703,31146
O-T1-09,1179016667,1924198133,809825,1556831,1408119617,8328,880325,8711,3064038333,1801511667,321980,1017884533,1841276667,29396515,7872023333,261451,76512,9731,3305705,385375,2832375,14100625,116271825,109315,2057,338955875,164522,52125,5074,313,928825,449625,32454875,155849125,733,-799875,61854375,607,885090,170224,28058
O-T2-09,9030166667,1714881433,825725,978278,1494176117,8503,954835,11137,4509558333,2938601667,1047276,9509125333,2333456667,33764785,9756203333,245886,75628,11737,3259232,406375,3486375,35053625,146152225,232565,5822,457073875,342585,72125,10513,306,1227725,542625,31227875,137612125,366,-847875,56122375,1276,884487,171427,29339
O-T0-10,6996166667,1620524133,218925,1047365,1327090117,62005,633085,4945,2867558333,2287571667,730135,6370603333,2598496667,28003475,4495623333,291934,58093,12662,2687002,64375,1996375,18786625,105112125,87635,2301,322898875,218605,17125,9571,142,987025,356625,13709875,142753125,624,-1092875,50211375,1162,962788,188006,31798
O-T1-10,5793166667,1647200733,7662625,1255544,1326582617,92255,762085,7508,3796228333,2875831667,637099,7592875333,2978166667,30647185,3065533333,296359,67523,14378,2781562,290375,1644375,19167625,106870725,106405,2555,345691875,245980,15125,9953,176,915725,628625,10746875,161258125,708,-907875,68792375,1059,982468,187081,33526
O-T2-10,9411166667,2018699333,2473125,1456320,1532049617,361994,1395095,5980,7864578333,3471361667,771690,7368662333,3816666667,28882665,4683253333,311747,78272,16237,2786253,108375,2350375,24487625,123478925,173585,4110,337341875,296827,8125,9021,181,414125,524625,24012875,67965125,638,-843875,59164375,942,1001038,190748,31653
O-T0-12,1558416667,1612967933,594725,1243658,1424756617,43168,1558455,3815,4499218333,2364761667,415412,7664163333,1870706667,22822105,7235103333,252128,91684,17075,3366241,111509375,1016375,14812625,91047925,126205,2396,248754875,189009,762125,5324,184,1684825,1986625,18356875,233937125,382,-1014875,75588375,723,948519,182934,30715
O-T1-12,1175916667,1405293933,1293825,1539701,1438907717,33067,996845,4952,4455088333,2288711667,471736,6736771333,2687766667,27107565,5225403333,251013,82558,16054,3067811,235398375,1338375,19537625,118474525,157235,3264,327038875,257398,1011125,7426,241,2133625,2447625,22490875,292225125,394,-271875,83536375,795,883380,173831,29869
O-T2-12,1180416667,1607036433,183825,1629177,1445662517,27724,927795,6307,3532888333,1995081667,389115,6835499333,2035296667,23642035,5124233333,249875,73071,13210,3275908,479978375,1579375,29066625,178306125,241385,4864,511105875,416813,1659125,10266,358,2761825,3925625,31739875,384079125,582,1041125,102666375,1003,916385,176425,30965
O-T0-13,5736616667,1125756133,1946425,1426929,1085233117,63086,617775,5572,2024138333,1381251667,537592,6792177333,1539326667,23460945,2627903333,297524,64889,16000,2841946,261375,832375,11411625,76885725,126085,2298,205147875,131295,47125,4978,120,1284025,378625,12826875,225419125,210,-894875,105883375,1353,959080,180753,35221
O-T1-13,9194166667,1370882833,1907225,1238985,1019131217,21159,922455,2360,3424578333,2007241667,936039,6526884333,2169406667,23237875,3131293333,306882,71973,14846,2778964,167375,1669375,17028625,92418725,126515,2411,246222875,221153,-12875,6004,167,2897825,2461625,20990875,366595125,591,-1121875,42164375,453,924153,174288,34030
O-T2-13,6731166667,1170833433,904225,1132682,1061489817,42774,1037615,4067,3595798333,1925781667,782748,7752153333,2277166667,26331915,3910683333,293707,75792,16531,2798035,158375,1654375,9623625,80268325,112135,2145,238807875,255195,-4875,5312,66,4851825,2255625,16643875,456443125,351,-944875,36635375,522,973027,179008,34359
O-T0-14,2459016667,1755538433,36278525,607177,1344899917,9261,701265,6703,2120228333,1257191667,1223558,2563847333,1139326667,19567325,7926903333,202703,82612,16333,3911815,-11625,1549375,25466625,84837025,124195,2621,177182875,135547,54125,6883,292,369125,470625,23753875,78514125,344,-556875,29018375,673,833473,164148,30652
O-T1-14,4154616667,1593945933,1550225,1379077,1228272817,17156,833555,9348,2908358333,9945616667,1454242,2506550333,1274526667,17730495,8619553333,210760,80828,15239,3807796,42375,1239375,19481625,97948425,131785,2730,290435875,224980,31125,6035,234,376225,241625,17918875,111627125,1339,-741875,22656375,645,816027,160892,28599
O-T2-14,3792016667,1512280733,1314625,1223423,1257863417,27471,840135,7582,2853998333,9816416667,1091646,1962784333,1209646667,14701655,8582493333,214317,83487,14318,3920207,290375,2432375,23994625,112110925,160575,3252,318184875,264035,110125,6724,214,401925,463625,17408875,87415125,1048,-779875,49464375,898,843302,161471,29696
O-T0-16,8723166667,1905773533,7128325,887245,1612557017,23654,970535,8887,3601718333,4053951667,900713,9020880333,2474946667,34193915,3776973333,285990,108721,23443,3383056,249375,1518375,36655625,134742625,162645,3506,341659875,251648,77125,9372,266,496925,617625,11057875,81133125,505,-820875,56053375,918,1199799,227681,43044
O-T1-16,1114016667,1607573633,789125,811441,1343170917,18866,702375,6670,2853178333,2512781667,673103,7971997333,1839196667,28493545,3310123333,296812,67881,14877,2753478,298375,1312375,8383625,156550225,264595,3680,554874875,259579,-4875,13254,98,1096925,327625,18707875,214328125,256,-835875,96568375,1580,945502,178099,35620
O-T2-16,6320166667,1644439133,1717325,938568,1360020517,12531,815255,8748,3134078333,2875221667,558197,8167360333,1655676667,29901115,3016843333,306024,75442,17363,2717155,124375,1776375,10058625,86933625,120065,2279,279806875,157612,55125,6209,159,1010925,895625,16520875,232697125,379,-985875,48681375,1044,952152,174149,33341
O-T0-17,5724166667,1342071233,5379625,1357701,1218273217,32239,562465,10378,1867908333,1791681667,1224840,5460932333,1037556667,23994855,2817053333,319438,61804,14585,2661084,955375,2582375,20809625,101966625,112505,2233,294009875,146450,33125,5950,163,1596625,1359625,40903875,230764125,242,-1088875,62190375,511,917754,171359,33990
O-T1-17,7222166667,1279226533,70178925,1023076,1149581817,26688,747955,2209,3133548333,2894501667,1299267,4064397333,1210366667,22624915,4075073333,324928,66065,14483,2783059,359375,1302375,15736625,87185225,104025,1841,220125875,121718,-5875,5531,160,6534425,2507625,34729875,496120125,1195,-1058875,67933375,1146,970024,181489,35223
O-T2-17,8640166667,1442243133,14172425,1259784,1286428717,37153,731475,4964,2557518333,2081231667,899502,5179101333,1239646667,21311715,2680463333,312387,65193,12916,2742150,375375,1134375,16130625,88829625,93415,1587,265720875,113783,521125,5404,176,5155625,2131625,28482875,474003125,747,-739875,51446375,974,949447,173632,35767
O-T0-18,1096716667,1502347033,1978125,795471,1429845317,15617,926835,3853,4269618333,1771831667,434210,7937620333,1576516667,27138035,2948313333,315897,71123,18662,2657486,317375,4374375,15804625,134719225,155905,3620,472376875,271000,695125,9250,322,4247325,372625,48993875,392521125,367,-1060875,40614375,827,949391,171309,33749
O-T1-18,1906716667,1252353933,610025,1290370,1485028717,5855,842995,6011,3565818333,1666171667,419120,1073723133,1349416667,20373675,2894463333,305766,75779,19804,2667647,208375,886375,11711625,72126025,100245,1875,190605875,133732,540125,4650,137,1451525,1384625,15900875,180012125,263,-775875,78088375,662,953398,179825,34894
O-T2-18,1172516667,1363757633,1493225,1125764,1151180517,17502,830065,4252,2843138333,1282251667,394376,8054139333,1337606667,26082905,3072593333,322847,56824,13010,2559348,65697375,974375,14118625,89638625,118285,2571,252796875,183739,756125,5670,166,1674625,1693625,18485875,217952125,332,-465875,84438375,650,903466,156956,32266
O-T0-20,1105316667,1531479733,959425,966565,1147416117,24009,536115,6808,1700128333,1534681667,308039,4046245333,1051576667,20749715,3785453333,294825,56909,10581,2851940,534375,3169375,19777625,116162025,132485,3111,331951875,219708,-4875,5105,216,2282025,483625,21736875,250207125,405,-890875,31957375,1215,906309,177691,30252
O-T1-20,6994166667,1404143333,316025,944918,1079005017,16068,574535,8303,1645628333,1554351667,313935,6199675333,1458066667,23512635,4474453333,296918,60622,10668,2861240,698375,2552375,8463625,103201025,82925,1652,297926875,171706,0125,4177,183,409125,299625,18782875,132493125,722,-1116875,49394375,1273,916952,176990,31482
O-T2-20,1190616667,1408388833,1165525,1068569,1217137217,24384,492915,10933,1485088333,1058421667,411593,2637775333,1488286667,20236735,3585993333,312329,51738,9277,2665132,162375,2789375,11515625,68206425,109685,2662,172999875,198084,-4875,4783,266,909725,759625,23403875,182567125,538,-1076875,42285375,1096,842021,162124,29021
O-T0-22,8986166667,1537108033,941925,1331901,1108478917,11014,1358355,7794,4760708333,3409151667,399301,7081016333,2399366667,36137165,7866973333,258149,80205,15662,2931926,531375,2092375,7677625,91177125,98965,1293,329245875,239895,50125,3405,260,1075225,548625,19920875,257213125,813,-879875,24356375,440,886675,174669,30149
O-T1-22,8094166667,1391264433,645325,1738355,1168570317,22477,1165915,7419,3667208333,2899441667,536861,6412825333,2654316667,36977345,7871663333,274253,85389,15549,2871630,399375,2941375,6851625,90600025,86295,1031,338634875,183567,22125,5002,203,564825,342625,18926875,196020125,936,-913875,42045375,881,915519,176139,30834
O-T2-22,8460166667,1405309033,855725,1478318,1141902417,9752,1157365,5413,3950978333,2918421667,381365,5587881333,2519396667,32943045,6407603333,277122,76130,13740,3000323,61375,2126375,24441625,95415625,122595,2558,213040875,156864,29125,6019,214,3938925,2658625,23590875,423897125,450,-1132875,39817375,951,942389,182703,31294
O-T0-23,7059166667,1809367333,31238925,1021806,1015896817,9354,756215,9005,3671778333,1727201667,814880,3334013333,2368886667,28570615,5271463333,254916,74253,13314,3319266,119375,2186375,27900625,126862625,194865,4459,362690875,247980,7125,8116,298,623225,242625,17620875,87636125,825,-785875,35758375,778,877455,176592,30144
O-T1-23,2080116667,1736197533,336925,1507068,1045532117,9497,921435,3528,3161848333,1660801667,730767,2959366333,2505966667,31546935,5147603333,257786,83534,12500,3129077,140375,2055375,22131625,103143125,139945,3643,306775875,257117,-6875,7097,291,2419625,717625,17502875,331430125,834,-828875,40553375,1259,854765,168682,28848
O-T2-23,2549816667,1528198633,491725,1557881,1125927017,70652,1171765,9014,4701598333,2191571667,1282397,3822318333,3257496667,38438175,5319383333,251437,88384,13734,3144291,141375,1746375,19127625,129374125,154515,2566,363982875,244055,7125,8588,275,9041525,2786625,34837875,635544125,141,-1229875,28035375,636,872882,170722,29652
Me-T0-01,1311216667,2189338533,116525,888938,1248283117,269551,1065095,3966,4028028333,2553831667,811872,5219416333,3296266667,23821195,8170993333,294547,76100,15732,2925283,187375,1644375,28460625,114431525,134195,3521,240762875,322616,-10875,7612,371,1182325,491625,16986875,219314125,454,-1020875,52576375,1296,950052,186552,30333
Me-T1-01,6741166667,1662477033,173325,2032811,1415674617,189998,830825,5370,3315888333,2301491667,561917,5075257333,2437666667,27864485,7171023333,293360,70262,13238,2816625,303375,1524375,15887625,94737025,108575,3076,266894875,247809,-13875,6558,330,1358525,376625,18067875,276385125,394,-1012875,64938375,1200,955743,184214,32475
Me-T2-01,1203016667,1359849233,130025,565007,7501657167,24952,285785,3843,1054848333,8698316667,187258,2172902333,7479466667,10450505,2387653333,322463,23588,5550,1501077,247375,1363375,24267625,116815525,127235,3336,267687875,254407,37125,8167,356,437725,358625,14263875,71114125,426,-1116875,117413375,1861,962796,188164,30797
Me-T0-03,4371516667,2133664633,251925,959599,1133741917,7197,907765,5069,2591058333,1549221667,757995,6125326333,1311226667,21880695,5705403333,311423,57772,13485,2685506,122738375,1195375,16298625,99993625,139505,2707,261248875,208682,585125,6189,128,1796325,2074625,20197875,233908125,322,-809875,87036375,672,936346,177080,33463
Me-T1-03,4907216667,1891534133,190125,1013943,1220826417,32146,836555,3177,3313408333,2255991667,935821,5818216333,1983156667,23584865,4795473333,326716,66790,16171,2549799,262065375,1341375,21837625,133503525,189145,3656,367747875,291469,1135125,8492,215,2358425,2918625,25473875,300489125,429,-216875,98383375,803,958972,174846,35929
Me-T2-03,4783116667,1890141233,377725,1202345,1161932417,13918,955175,3173,3662298333,2413721667,805088,5607817333,2343746667,23394545,2974183333,304874,65676,15920,2506744,539620375,1716375,32554625,198385825,274325,5483,521625875,458799,1552125,11491,248,3097825,4818625,34022875,395398125,576,949125,118628375,1019,913631,166732,31640
Me-T0-04,1023166667,1284321233,4225,1386114,1033848617,110082,1077195,2407,2139238333,1917731667,385157,6826711333,9112366667,14913005,6044283333,275481,75755,13641,3255932,392375,3621375,21103625,131901125,150805,3128,415436875,308422,-16875,8928,292,610025,1322625,40396875,162598125,452,-1073875,33485375,616,962281,189487,33053
Me-T1-04,4880166667,1499582133,1077525,544421,1032558317,107500,595665,3235,1913768333,1524081667,554513,8617313333,1639696667,28526535,7081893333,270893,63756,11570,3022567,256375,2840375,4043625,88569225,84995,1629,307557875,250275,39125,6251,261,2007625,708625,25063875,435032125,567,-933875,18664375,451,952964,186147,32899
Me-T2-04,5879166667,1385373933,498325,1154771,1022315017,60588,711895,4120,2082798333,1790701667,417675,9124603333,1565066667,26999045,4212443333,289123,67753,13037,3013374,387375,4047375,19857625,149855025,179995,3909,446048875,372484,90125,7479,227,2280325,2435625,41047875,406886125,611,-839875,36151375,673,930748,186305,31946
Me-T0-05,5813166667,1209236233,118125,872450,8928975167,4180,726605,6774,1887018333,1337451667,430042,3482804333,8844266667,22080555,4905183333,302625,60989,11583,2962175,179375,2602375,13222625,74815225,110865,2570,203213875,233781,28125,6358,302,883625,842625,20608875,199228125,409,-970875,51494375,1209,943825,184703,33321
Me-T1-05,6162166667,1230561733,1537925,1090823,9277723167,26086,741095,4574,2692898333,1919951667,606629,4856291333,1588866667,27729225,5815053333,300357,60826,10854,2921373,152375,2262375,12871625,71342825,123335,2850,188144875,230770,29125,5588,173,1119725,2277625,23596875,187058125,826,-1036875,47133375,1206,955100,188201,33712
Me-T2-05,5989166667,1523243833,1217925,1352700,8486482167,8967,607735,5204,2066718333,1715261667,729393,5118443333,1503946667,21935425,4713523333,291033,60856,11314,2893177,73375,2453375,39811625,150093125,264605,4349,437891875,304842,114125,11577,89,290625,997625,17096875,61124125,1423,-1078875,40895375,695,930817,183328,32188
Me-T0-06,1054916667,1251632733,1624725,1412684,1061607517,11085,1199835,6994,2346738333,1499321667,370771,6637367333,1044396667,14506185,3808673333,306096,71179,19533,2692632,518375,2565375,28569625,155790425,112005,3398,476650875,322079,23125,9600,213,2713025,1660625,36284875,292049125,121,-912875,73680375,491,902403,161278,33013
Me-T1-06,1275216667,1438703633,11775825,771648,9951262167,89435,751895,6718,2472098333,1888731667,829094,5024268333,2710326667,28979525,3533723333,305778,64699,14696,2522759,16375,1199375,15711625,96313225,71175,1547,270453875,138275,5125,6143,109,2680325,953625,21393875,300584125,919,-974875,54017375,1662,909961,168840,35006
Me-T2-06,1307816667,1269407933,880125,1347553,1343706917,88520,1132385,3190,3507298333,2640441667,1038506,5673112333,2369026667,23994965,3430223333,282422,77127,20753,2690084,184375,1774375,24102625,116470325,86435,2255,315568875,184042,11125,6300,235,2441125,1404625,21298875,276051125,366,-1101875,70243375,1195,915137,171927,33620
Me-T0-07,1127516667,1451246333,-13775,830107,9202197167,3936,794395,3182,2513938333,1832551667,869078,6131961333,1170766667,20166425,4859613333,303908,65107,13782,2960590,116395375,1149375,15347625,94422625,130755,2515,271490875,200077,734125,5873,142,1713625,2136625,19250875,238457125,257,-781875,81164375,733,982559,192251,31750
Me-T1-07,1385716667,1343647533,1641525,746769,1121326017,10962,594145,5414,2210218333,1947491667,1175214,6915442333,1442966667,25981885,4855933333,293296,69236,14252,2807097,245415375,741375,20638625,124759725,175815,3193,351845875,275304,951125,7306,179,2309025,3071625,24196875,293873125,400,-93875,90505375,792,977769,197332,32310
Me-T2-07,1505616667,1259350733,340125,1244398,1003068717,41341,665875,4511,2878368333,2019401667,807477,6358551333,1389656667,26962915,3198073333,278563,71603,14751,2726949,509571375,2024375,30876625,186864325,259565,5015,520646875,435911,1564125,11434,361,2901425,4039625,31937875,397780125,555,943125,108428375,1013,970155,188058,30786
Me-T0-08,1496016667,1956886233,1317625,1015659,1049742717,59396,1139275,5728,3618358333,1513741667,1354242,3789702333,2776106667,31336165,1786742333,244042,75021,11305,3384928,345375,3480375,24613625,138432725,195895,3333,397870875,223569,26125,7949,250,1695925,655625,23810875,236934125,2560,-703875,64419375,924,849269,171968,31837
Me-T1-08,1576216667,2050928233,-36875,1456196,1216212517,49290,960875,3457,3237248333,1937441667,1421453,4773794333,2146226667,28609825,1621206333,249586,82944,13240,3452666,277375,2831375,20462625,129526225,217375,4084,403632875,261380,80125,7284,267,2487125,793625,23673875,370265125,1867,-655875,69079375,925,891862,175484,31890
Me-T2-08,2337516667,2331943233,161225,974763,1209755817,112604,1351655,5680,5043928333,2639541667,1181743,3755574333,3022656667,32103925,1116409333,238256,94144,13599,3364133,146375,1750375,12062625,135259225,294565,2892,433623875,242331,-9875,9716,170,1303125,11522625,23626875,391407125,222,-948875,24742375,632,878319,175107,31022
Me-T0-10,5738166667,1891578433,367625,1829243,1451939917,33919,1018265,4876,2487598333,1114361667,587063,4805441333,2515106667,33642815,6604313333,268023,67384,9996,3188456,270375,3288375,19634625,111022925,144365,2871,332443875,219680,64125,6506,242,1014625,1465625,24387875,286073125,534,-980875,78296375,1704,919851,176846,30591
Me-T1-10,5808166667,1787553433,295525,1809716,1355909117,30452,890495,8434,3538128333,1556591667,432559,6453862333,3117646667,33393125,7760563333,249524,65378,10063,3079362,294375,1836375,16694625,156645325,261325,4666,468806875,328883,78125,9440,170,2039525,1826625,35735875,217018125,276,-1434875,51962375,356,889515,170350,29771
Me-T2-10,9885166667,1775879533,90521225,1099464,1380867317,46413,705885,12591,2543968333,1020931667,492307,6826756333,2833426667,32053315,7421903333,270612,60731,8348,3085961,113375,1567375,24759625,132304725,244795,4855,405362875,282406,38125,7991,76,482825,375625,12368875,63614125,668,-1224875,35276375,863,900934,172722,30547
Me-T0-11,1054216667,1705351533,1133225,1073755,1128307317,46939,858365,4293,4187348333,2284131667,760463,6322699333,1835436667,22100275,2599753333,324871,70407,15030,2678427,688375,3406375,10804625,79736325,151005,2565,247145875,171278,6125,4981,216,977125,672625,27263875,166707125,703,-1027875,48331375,598,913161,170808,33486
Me-T1-11,1482316667,1802333833,347225,965139,1439571817,76319,1248405,4923,6753638333,3836871667,1041409,8163784333,2034416667,22310495,5285123333,298066,90361,23722,2986990,-13625,1218375,13321625,79528025,137405,2487,230327875,192767,34125,4885,144,3142225,999625,15135875,271800125,323,-976875,29393375,558,1007672,185269,38068
Me-T2-11,1110816667,1960427333,2202125,1680537,1184665017,75201,1058015,2848,5508608333,2984231667,1182846,8189815333,2475956667,24062205,3841103333,326965,82397,18082,2892891,279375,1585375,9028625,81335525,149505,2426,216510875,218655,1125,4959,152,7747625,1592625,27576875,493992125,621,-1031875,52449375,679,989609,186653,36934
Me-T0-12,2519616667,1862947633,169225,968347,1252929817,63213,630465,13236,2211288333,1053741667,421857,7159543333,1796366667,28340785,9832473333,254926,70781,9368,3495212,153375,3987375,19753625,124364525,208125,4009,437891875,325817,52125,9925,228,457725,251625,19715875,115159125,173,-920875,64187375,926,839624,166148,30248
Me-T1-12,1941816667,2095120833,168525,776301,1195128617,73126,1013315,12388,3474148333,2001311667,601390,2574955333,4038696667,40714235,9399373333,231262,78296,10894,3320017,335375,4215375,34347625,148517125,233165,5169,464161875,402854,-6875,9618,197,1128825,420625,19607875,182586125,322,-1156875,61054375,759,835782,168065,30453
Me-T2-12,2162916667,2327722033,626325,1170097,1292743317,140784,999905,9762,3764118333,1510961667,568579,2949378333,3884326667,37092515,8285003333,262234,77084,10133,3419428,45375,1754375,17062625,128241025,201735,3215,339957875,224417,68125,6898,260,4299925,1302625,33567875,513153125,814,-1027875,31648375,646,833692,160402,29737
Me-T0-16,1235916667,1576641333,321425,1513720,1189434617,12213,812945,10401,3193658333,1271811667,589884,8405630333,2058876667,37951775,8367653333,267143,70955,10923,3019276,107375,1936375,29961625,149090925,277035,4943,475274875,350135,70125,8328,152,1004525,239625,18222875,133719125,736,-1064875,86751375,1417,894156,173019,29401
Me-T1-16,7159166667,1806057633,585425,1448798,1304916917,52059,1249535,9613,4298378333,1360041667,913892,6996835333,2711256667,37827055,1601587333,252048,76625,12730,3151783,41375,819375,10473625,65561625,86485,1553,181879875,124957,801125,3941,134,1352725,996625,14701875,182703125,365,-1241875,67908375,648,936848,180539,32028
Me-T2-16,1001216667,1430246833,18165425,1321339,1223679917,82610,682255,9164,2889298333,1125151667,460642,8457108333,1603786667,30194895,6627603333,276607,70699,12587,3025716,58645375,1057375,12927625,79458625,114335,2213,217532875,161018,730125,4979,154,1551825,1463625,17119875,213328125,327,-727875,71785375,669,880536,168772,29216
Me-T0-17,2652916667,1632258133,1643125,1185826,8885378167,24893,809075,5189,1962188333,1703251667,606635,5699009333,1361556667,19830095,2734693333,313111,69360,16234,2728961,153375,1417375,10043625,65782225,103805,1836,145596875,140239,12125,4348,125,2872125,1794625,20472875,374717125,206,-1035875,38260375,566,917843,168530,33904
Me-T1-17,3644166667,1972211333,149525,1093981,8740210167,40341,1367175,6840,3284118333,2709121667,1160311,4990729333,2287646667,24987155,3691233333,310584,79254,18122,2643930,487375,2523375,9408625,87297525,78285,1447,236110875,131371,-1875,6537,156,2685125,534625,31983875,206962125,190,-1023875,36257375,265,906355,167155,33433
Me-T2-17,2322816667,2127681533,1465425,920991,9207420167,43304,869035,9097,2175918333,1951131667,1209727,5637460333,3053866667,34470345,2443973333,298491,66820,15422,2527685,88375,1411375,12799625,93784525,100005,2028,282809875,170141,15125,6289,177,875125,351625,21035875,116195125,675,-1199875,22533375,297,895566,165186,33091
Me-T0-18,2350216667,1761883033,616725,1150892,1067939417,323348,861385,6578,3464828333,1791111667,716815,4296988333,1673896667,26582905,6306803333,246102,76139,13212,3200541,365375,3555375,10221625,103492225,146715,2522,261222875,219144,1125,5515,138,201725,247625,25699875,58299125,1041,-1040875,59957375,969,896161,172332,30639
Me-T1-18,2283016667,1997450433,461925,1546128,1165607917,89956,2095665,6226,9755818333,3670321667,1239392,5513303333,3195166667,28617415,1892490333,232538,92206,16117,3128667,155375,3730375,24225625,150141325,217085,3780,478482875,295044,39125,7645,287,1292125,1212625,33211875,359370125,321,-1131875,71551375,1341,887545,169972,30596
Me-T2-18,1818816667,2208480633,1214125,1237624,1097149617,139683,1214315,5545,5112008333,2490551667,901839,4374693333,2930336667,33145125,9602153333,251282,87085,13127,3227435,451375,2787375,16144625,97079325,123445,2452,296959875,165871,67125,4463,223,1006925,903625,25955875,213180125,894,-964875,69056375,1451,942804,180446,31348
Me-T0-19,4893166667,8000476333,-205975,238972,3188043167,33136,113275,774,3229483333,4087916667,134792,5410943333,3225166667,7660205,9814533333,322677,9805,2284,926785,160375,3034375,4417625,55862825,67775,1869,192539875,116704,-5875,2432,225,4448725,516625,24486875,421957125,366,-876875,34269375,504,945967,187767,32811
Me-T1-19,1811316667,1513602233,-975,1502372,9204659167,153569,640905,4882,1579268333,8612916667,264208,3547680333,6215666667,15200435,5124893333,290584,61331,11488,3022867,131375,1427375,7730625,58211625,98955,1552,239040875,109361,85125,2704,264,1467025,71625,21904875,154711125,367,-1050875,41822375,906,925674,186463,31435
Me-T2-19,1362816667,1473350833,2857525,1141718,1062750317,122450,1037985,4048,3207048333,2099661667,1069305,5510534333,2238886667,27556265,3685693333,270846,72520,13132,2809710,2098375,4806375,19593625,123893125,100155,2140,296312875,139561,24125,8958,241,1430125,415625,45069875,84424125,227,-1134875,68418375,411,901315,177225,30587
Me-T0-20,1741166667,1970556333,740325,1660262,1867789717,35076,1184105,14400,3810718333,1317371667,1379635,6233817333,1841626667,35886955,1069178333,161993,96954,21656,3674609,1811636375,5332375,87437625,492244325,745525,14244,1621333875,1268951,5981125,27382,1523,7104125,13288625,79374875,930705125,1698,8876125,175842375,3292,820291,163057,30231
Me-T1-20,8613166667,2434450333,2904325,1334207,1613899117,85343,1288105,3805,4467498333,3058071667,1646663,6019783333,2711536667,38464335,1590562333,191503,101788,20883,3651620,978375,1507375,15638625,93284725,128155,2467,251378875,183449,685125,5154,214,2209025,611625,18898875,272893125,416,-602875,26099375,1113,823435,162407,31562
Me-T2-20,8232166667,2881391833,1190625,1647740,1616940417,61861,1460355,6227,4350938333,2752551667,1553614,6207405333,3148676667,47295815,1492970333,187030,103283,21173,3525147,416375,2612375,18860625,101595025,134755,1729,258829875,112648,-4875,8119,391,4752325,1239625,37807875,582679125,234,-832875,85978375,2012,820595,158180,30725
Me-T0-21,4543166667,1437576333,37225,1029892,8632759167,42075,876735,4313,1680128333,1854471667,757524,8244228333,2057916667,23913385,1955653333,329833,62453,15047,2549338,32375,1337375,15176625,128827425,191535,3664,324466875,203197,1039125,6614,193,1695625,296625,20873875,241420125,2395,-1191875,21806375,524,947339,173895,35475
Me-T1-21,6440166667,1425278533,550225,892029,7852556167,43416,861085,2220,2454388333,2479481667,924457,5428813333,1591296667,19512595,2476043333,310551,61953,15885,2789054,56375,1844375,13422625,109915025,135925,2864,230151875,228389,769125,6604,135,1182125,1689625,32639875,228085125,2647,-606875,57917375,1007,948226,175345,36446
Me-T2-21,7094166667,1409874833,1395025,1378370,8825422167,57792,1016615,2847,2459928333,2324801667,937953,6337354333,1951116667,24152405,2648033333,315565,63168,14481,2727341,90375,2174375,15588625,139157825,204965,4120,356209875,388624,1122125,8475,243,843925,965625,36729875,251239125,2151,-866875,54790375,1051,955861,173214,34907
Me-T0-22,1929716667,1959835733,-25175,810924,1295841417,145457,939745,7204,4449128333,3909341667,359008,5400495333,5301366667,29192125,3560443333,266865,78000,14447,2978527,12375,2506375,18481625,109014725,152305,3017,304438875,224158,24125,7840,110,545025,522625,29304875,121289125,1228,-980875,34094375,509,916080,176980,31212
Me-T1-22,1976016667,1711250333,694625,923946,1320106017,61176,1042825,6683,5373128333,3763441667,488775,6956464333,4459516667,24159865,4089763333,277989,77997,13951,3052580,79375,1313375,9003625,94776625,133925,2667,244330875,207099,73125,5211,147,590625,49625,18112875,157091125,1559,-994875,24260375,454,912582,173779,31554
Me-T2-22,1565616667,1738568133,527025,982152,1290096017,81707,1776625,9758,7538078333,4994721667,272516,6075423333,5487426667,25733305,4761723333,261957,86572,15985,3006634,107375,2794375,9871625,84208225,122935,2357,219824875,166110,16125,4464,175,868625,361625,36447875,150390125,1751,-1346875,31428375,411,912984,179143,31377
Me-T0-23,1355916667,1990374033,27625,1552297,1355282117,18358,1195925,8684,5921878333,2222471667,370099,5786075333,2479376667,35733885,9175143333,266575,89589,12150,3316583,24375,2109375,8586625,86342325,91495,1471,161872875,128842,37125,5036,152,2857925,971625,34822875,449999125,400,-1026875,28722375,755,826592,160706,29970
Me-T1-23,1129416667,1556398133,694025,1667489,1205210417,106079,1277115,7831,5123328333,1666591667,368177,4910114333,2606696667,31456015,1018087333,274451,77106,11102,3346854,61375,1864375,7821625,84816125,109445,1435,210263875,130243,21125,5196,217,2966125,773625,22993875,394160125,513,-790875,26737375,620,818985,162777,30004
Me-T2-23,1213616667,1741835233,166625,1778442,1470746217,12435,1301265,9327,6253458333,2489221667,443583,5969852333,2719106667,34521135,9727713333,250245,85962,13063,3296208,312375,3026375,5516625,69813125,83235,1149,156250875,102754,-8875,2862,285,5508925,1566625,33759875,580940125,1426,-1204875,62364375,981,827136,160253,29733
Me-T0-25,9488166667,1621514833,323325,1058120,1010523217,228849,912185,2760,3231188333,2054091667,1050080,4989403333,2192286667,27078005,4536203333,300299,62741,15069,2614599,203375,1709375,10429625,79064725,83785,1801,248250875,145175,-2875,5772,92,2333125,747625,23479875,275852125,180,-1092875,41894375,438,898639,166247,34036
Me-T1-25,1146116667,1707118133,1235525,1421410,1115645517,225502,1111635,4435,4033538333,2792861667,1227066,9520315333,2782046667,31590365,3849523333,309283,71133,14344,2715658,608375,2464375,20204625,86457025,122855,2743,185799875,186727,22125,5267,172,1693425,5616625,36678875,300116125,172,-976875,69816375,433,935287,172880,34129
Me-T2-25,9497166667,1653935233,759425,1293104,9823774167,110389,992945,3241,3503898333,2334191667,1380262,5532244333,2856566667,25628235,3233853333,299990,69921,15117,2702495,103375,1786375,10198625,75654125,101605,1842,152939875,150804,63125,4522,149,1594325,479625,17132875,279107125,739,-1249875,52048375,1222,913800,170256,33616
Me-T0-26,7853416667,1864578233,454825,961728,1269458417,94532,787225,7828,2292838333,1815711667,588786,5154502333,2221906667,28699985,4384353333,258846,72201,13441,2991179,386375,2820375,22425625,99975925,132825,3049,273706875,230855,-1875,7240,269,1596525,1312625,18582875,259474125,356,-908875,45735375,933,934635,171628,31320
Me-T1-26,5300616667,1663700233,505925,983633,1131041517,194693,698945,15542,2435228333,1970301667,533623,5097146333,2875966667,31554935,4269833333,257021,82503,14881,3131550,210375,3275375,33006625,119027625,238285,5126,335099875,306556,21125,8358,183,803925,991625,10808875,121484125,473,-857875,41710375,1310,991288,191090,33112
Me-T2-26,5695616667,1666873133,663925,1068584,1128644617,107321,757255,6292,2055718333,2425551667,566012,4725359333,2997186667,33658245,3707993333,259937,81198,15943,2940963,1094375,4601375,24665625,131356425,146155,2561,334546875,290258,25125,7872,225,1227425,1300625,45079875,158516125,600,-1112875,48145375,570,925752,181477,31738
Me-T0-27,6377166667,1697569933,418225,1062950,8493933167,15382,554785,5329,2654038333,1920871667,1081037,4180928333,1560876667,21626215,3490383333,284976,56538,12690,2820547,198375,1182375,7602625,77253825,81835,1568,188762875,165449,9125,4524,163,188025,532625,10505875,61575125,964,-945875,31450375,715,963461,189384,32359
Me-T1-27,2916216667,1743144133,3437325,1309897,1134818317,23072,633675,5358,2449438333,1892861667,1196484,4953248333,2089656667,23439385,3862333333,280100,59818,13537,2797245,66375,638375,7020625,75067025,88315,1692,179023875,214853,-17875,5104,135,215825,-22375,13435875,119244125,498,-876875,72309375,828,978551,191220,32525
Me-T2-27,5384166667,1377180533,3499425,1435513,9675340167,12031,636735,7192,2878158333,1565831667,711960,5431324333,1911476667,23584465,3576903333,286729,62164,13238,2818431,26375,2028375,22355625,102534725,100225,2886,243292875,181011,56125,9427,149,1289025,149625,16243875,176967125,548,-1141875,75623375,1236,984916,186688,32720
Me-T0-29,5902166667,1931032033,218525,1156568,1637044517,16922,1233555,9274,4328518333,2575851667,760351,6911100333,3119886667,38845215,1008952333,180452,94761,20003,3641613,219757375,1226375,16830625,109001625,159325,2840,309475875,237744,1084125,6682,368,2028825,2174625,20935875,297850125,739,308125,89430375,1169,823955,160284,30536
Me-T1-29,9594166667,1880888233,1787625,1160045,1799583417,39264,1352995,16565,4337118333,2269581667,832588,1160029433,3128016667,34996475,9115243333,175799,99287,20745,3668891,442947375,1661375,25726625,163453925,244035,4274,488160875,371681,1810125,9326,528,2607225,3624625,29580875,401507125,787,2027125,105153375,1484,807827,156157,31514
Me-T2-29,7840166667,2104018733,3150725,1208399,1757581717,30147,1433775,12261,6062818333,2815551667,886537,7971513333,4605876667,39374645,1187343333,208352,105979,19466,3697599,945964375,3095375,47152625,287372725,424755,7888,898751875,696610,3290125,16767,894,4214325,7240625,47714875,616400125,1328,3940125,132268375,2097,829738,164588,31203
Me-T0-30,9503166667,1031231633,200225,1421304,8362861167,28334,439005,9432,1532968333,1083831667,844898,3233255333,1047816667,26734945,3612423333,296837,56989,11911,2822733,600375,3682375,14084625,120133225,176595,2936,372678875,285029,64125,5467,244,2084925,1270625,27885875,317834125,1343,-887875,41380375,903,877585,170801,30324
Me-T1-30,1554516667,1098112233,17343125,696854,1000932017,101323,556965,3011,1705388333,1820771667,806800,4275009333,1829266667,25883385,3391323333,296387,66788,13677,3049684,52375,1742375,11874625,92232725,115405,2446,307140875,261047,113125,4329,235,1621525,587625,14496875,320861125,357,-1057875,30450375,497,961594,194523,33440
Me-T2-30,1358916667,1142712733,696625,862297,8075913167,102999,387385,3614,1346648333,1079491667,763002,2204872333,1425506667,19372195,2162893333,291625,55568,11738,2919831,1361375,3511375,27825625,128800125,134695,2569,399436875,228515,9125,7317,254,996925,5246625,29343875,190267125,465,-690875,73156375,1007,889125,175428,30941
Me-T0-31,1242816667,1319917533,466225,1354520,1145103317,89792,611115,2795,1868878333,1472471667,458585,3326809333,1277136667,19486045,4733023333,290475,69696,13709,2985049,196375,3369375,14465625,88305625,104125,1909,242039875,162449,73125,5687,245,1093025,659625,12785875,154967125,378,-834875,55827375,1538,928561,179126,30545
Me-T1-31,1123516667,1727978333,500225,1234369,1002284417,67627,598865,4949,2699568333,1873441667,618767,4638103333,2256716667,27714005,5193793333,294817,69992,14010,2922901,147375,3014375,18934625,98491525,115535,2475,275776875,175025,5125,7666,150,402525,485625,13434875,84214125,289,-1199875,40797375,1038,954724,186439,33122
Me-T2-31,7712166667,1692803333,516125,1198355,7986449167,116558,425095,3340,1864098333,1119841667,579162,3261112333,1333856667,18058765,3222563333,298621,63579,11262,3115599,206375,3458375,16607625,86652125,75925,1674,288641875,159827,-3875,4812,163,3067125,1709625,24243875,274561125,239,-1092875,32782375,892,965443,188861,33841
Me-T0-32,1796166667,2295726333,186525,820249,1132637217,48576,886705,4697,4139518333,2079981667,1537035,3327618333,2577476667,27722535,6133973333,273479,69471,13609,2734698,121375,2209375,11239625,81807325,99945,2187,254720875,142469,7125,4608,286,583925,246625,21698875,139046125,1190,-784875,74721375,1661,870027,172958,30457
Me-T1-32,2620166667,1646077333,406825,1034532,1053834417,122899,915625,4407,3176048333,2121101667,864272,3763264333,2508446667,34199415,5909093333,304849,61566,8055,2922032,671375,3650375,6825625,73720925,82935,1690,269262875,117606,40125,3888,267,9938425,797625,39155875,573497125,351,-354875,39843375,658,937431,184143,32427
Me-T2-32,3773166667,1954859433,596625,867406,1018864217,90411,626685,5566,2838378333,1460371667,992861,5290568333,2251176667,29279135,7285933333,270569,72868,14756,2808556,262375,2914375,15720625,86924425,109675,2031,272123875,151804,72125,4510,295,1624525,1086625,23563875,235170125,993,-1127875,70333375,1024,923214,183322,32719
Me-T0-33,8451166667,2231448633,259125,922637,1273765117,13761,728755,14859,2423888333,1458421667,659016,4023290333,2115616667,31199845,6562713333,242682,69598,10584,3430683,64375,2507375,20749625,161032425,210985,3347,410346875,277487,9125,7701,173,255025,37625,19974875,67736125,1102,-1172875,41953375,979,840092,164107,30478
Me-T1-33,2013016667,2585760333,480425,1060663,1499656917,57588,1045035,10602,3363688333,1372201667,904701,3775626333,4208276667,35430655,5919463333,248537,78409,11905,3365938,155375,2170375,20457625,124568925,197925,4322,317557875,237868,36125,5589,194,589025,1186625,24197875,183714125,557,-1006875,49337375,1076,852014,164478,31625
Me-T2-33,1942916667,2554505733,639225,1502341,1443943417,28444,1309475,7190,3666448333,1435281667,930297,3849430333,2826166667,33118675,4565363333,252740,84410,12234,3347054,-84625,1469375,4662625,77975925,88425,1341,176501875,119232,138125,4860,180,1213225,1524625,22501875,294510125,153,-811875,28316375,724,841196,164571,30290
Me-T0-34,1218516667,2550633733,548325,1564391,1282750017,71075,1002205,4955,3158228333,2214421667,1257277,3254099333,3547646667,43912155,8462253333,248230,87063,13203,3474795,51375,2508375,12019625,84481125,99945,2088,259504875,158445,42125,6145,293,5083625,2665625,35308875,484729125,627,-913875,43978375,757,886364,173965,30797
Me-T1-34,1797316667,2346009333,2019825,982166,1351253217,52088,796045,6504,2669868333,1987081667,1476376,4181906333,3582546667,43567345,8479503333,221236,73039,11688,3306689,74375,2457375,16817625,118458925,122875,2635,311502875,253721,-2875,7828,301,1392425,560625,21223875,209664125,787,-937875,64237375,1323,846743,170845,30812
Me-T2-34,9388166667,2304571033,2199225,1188577,1493901717,16422,1268855,15230,6537948333,2448781667,1762112,3166565333,4593266667,46733735,1593813333,255017,82421,10741,3314180,164375,3215375,7151625,86710325,95765,1794,212750875,181730,112125,5143,274,7124425,1301625,51728875,696052125,428,-1157875,48848375,952,857238,166869,30587
Me-T0-35,3733166667,1335976033,293525,1773640,1904211317,13552,1036605,11387,3310478333,1924141667,605538,6550540333,1870986667,32482685,1060367333,154299,93117,25307,3850480,231375,1586375,14832625,89110025,110235,2273,242787875,172620,-15875,5051,241,2006625,564625,17313875,272711125,536,-568875,29324375,1409,800669,160111,31011
Me-T1-35,1403516667,1732824233,6167125,1083867,1859500817,15820,1220815,5956,3905838333,2244021667,573049,3351615333,2718066667,35138385,9571203333,174280,106828,20817,3984195,266375,1440375,14545625,88842825,121525,2417,243597875,173218,52125,5250,273,2094925,615625,17939875,272620125,577,-669875,29559375,1383,804845,156581,31261
Me-T2-35,9051166667,1414678733,973625,1809975,1951232817,27660,1487775,11306,3719208333,2657621667,616362,7904063333,1783906667,31485615,8784213333,144446,108111,30603,3948475,212375,802375,8977625,58291425,93965,1426,169505875,111879,540125,3570,227,1169325,859625,12183875,178408125,510,-720875,77036375,1026,805892,159751,31128
Me-T0-37,4083416667,1669517533,-124375,1084133,1277192617,27384,1317915,11848,3768798333,2115211667,225772,4570197333,8513366667,20729775,2684083333,244089,77505,12010,3724748,158375,2779375,19567625,88603225,90935,1611,215274875,119990,5125,3837,270,293625,520625,13395875,68475125,1704,-708875,47164375,1623,832764,163391,30671
Me-T1-37,1236716667,2169945533,253625,1022319,1675276717,83680,1207305,4504,4429178333,4059821667,488999,6728430333,2039326667,26617355,9246603333,219507,90528,14045,3593103,153375,3237375,17187625,84626925,90235,1449,233396875,100382,13125,3437,288,2109625,540625,20656875,248137125,1587,-955875,57656375,804,830050,165488,29839
Me-T2-37,3193216667,1916089633,127125,943112,1540697717,122516,1437665,6667,5344618333,3726991667,372776,7633956333,1940596667,25963295,1035067333,229696,98138,16886,3648141,44375,1763375,8826625,71734925,80495,1653,228605875,138970,38125,5124,215,6045125,794625,38608875,572003125,830,-1126875,24271375,691,839692,160775,31338
Me-T0-38,7347166667,1981795033,879825,1604790,1343029017,33752,1334455,8899,4885998333,2726341667,761690,5103559333,1881536667,33500085,2087397333,280507,66720,12582,2796641,466375,3063375,22537625,121325825,279195,5291,345893875,267077,35125,6672,90,950625,1465625,25008875,172454125,478,-887875,32132375,720,907227,177970,29781
Me-T1-38,9619166667,1565296633,555425,1007522,1126550217,79261,713215,4832,2206608333,1948911667,726831,5238754333,1921626667,24666745,4660003333,285730,66999,12495,2982019,3375,2539375,17615625,100894025,158815,3094,302042875,287545,-10875,5071,149,1464825,988625,13977875,290305125,491,-861875,47902375,896,942124,179644,32437
Me-T2-38,1146116667,1626671433,2012525,1290660,1173302317,113506,653335,5175,1980618333,1907361667,808825,3072473333,2099906667,27832085,3709773333,282632,69565,13291,2982313,79375,3587375,19738625,98404725,98805,2544,275100875,184820,25125,7085,252,1011425,513625,14154875,152486125,351,-941875,47280375,1325,960911,193129,32073
Me-T0-39,1368316667,1597389733,467825,1038407,1385943017,10426,1388235,5970,4448528333,3918731667,369941,6922339333,1848266667,26556755,1338186333,285454,77700,18840,2699782,200375,1611375,22420625,85478425,129995,2732,187644875,153369,41125,4117,184,5910225,3472625,40543875,673383125,355,-1062875,71072375,1438,925373,168258,32929
Me-T1-39,3618166667,1428665533,1917625,1136939,1186304017,40107,929365,4334,2778108333,3306881667,295528,7152330333,1986616667,27080575,2631883333,321980,71274,16121,2670398,89375,1453375,6666625,65315225,70435,1319,187129875,148590,1125,3790,159,1162825,277625,16253875,189248125,1313,-1149875,63036375,637,922718,169400,34739
Me-T2-39,7366166667,1482451833,4984425,1028601,1437797117,14836,1114775,8319,3959378333,3713831667,397570,9071856333,2675966667,28257735,2957883333,292132,76064,19239,2569466,212375,2214375,14523625,101907325,149865,2617,292602875,230780,51125,6299,131,661625,271625,24258875,137208125,1369,-922875,52206375,828,876726,165731,32582
Me-T0-40,1294016667,1696158433,-17175,1511384,1193568517,10956,1268075,13663,3616078333,1628921667,705246,1091258333,2018256667,33154505,9622733333,258705,74364,11704,3041574,1029005375,3030375,52250625,310591425,443535,8705,922335875,767029,2967125,17625,643,4435125,7345625,50256875,590181125,772,3425125,134591375,1483,900430,173112,29564
Me-T1-40,1199916667,1579385433,816425,1570599,1269065317,46563,1154965,21743,3890608333,1688631667,480053,1089105733,3141796667,32869195,6661263333,251212,77808,15511,3093418,1974525375,5422375,95998625,516358825,798865,15564,1681077875,1378696,6433125,28953,1151,7336225,12937625,82825875,871576125,1251,7311125,184301375,2452,921075,176720,31487
Me-T2-40,7585166667,1727643133,1608025,1203343,1370551017,26064,1338675,10676,5961178333,2774071667,519955,6706937333,3537826667,34348435,9983393333,267774,81836,12666,3077465,1051375,1860375,16835625,101381125,140345,2783,263886875,197573,843125,5449,155,2387425,827625,20247875,266173125,230,-894875,22604375,731,914816,185492,30590
Me-T0-41,1198616667,1949016633,904925,2144251,1692429817,16627,2077995,17248,4389238333,1368051667,1617336,1516324333,3459336667,35619815,1859576333,141940,118112,29100,3998353,-276625,-19625,-62375,-217775,-915,0,-1179125,0,-19875,-7,0,-202375,-633375,316875,-11429875,0,-200875,-232625,0,787868,151561,28357
Me-T1-41,1967416667,2193252133,870025,1420514,1717007217,42215,2063905,21474,6175268333,2716711667,1977597,1906520333,4703846667,46037845,1567719333,180224,114264,22668,3737575,113375,1692375,13720625,84930425,111575,2062,201488875,159407,415125,4965,369,1737825,400625,15530875,252353125,1421,-103875,26796375,1727,780078,148741,28261
Me-T2-41,2282216667,2240349633,1223325,1374961,1762969817,18123,2103065,28432,6601308333,3116641667,1737352,3981801333,5827306667,48700675,1351349333,160332,108618,23384,3773102,159375,1823375,13537625,85760425,111405,2407,219098875,158806,360125,5588,425,1767725,407625,15490875,254206125,1145,-69875,28802375,1662,808223,155942,29709
Me-T0-42,2169916667,1624032333,2986625,2001392,1740804517,38038,1497355,15833,3857658333,1097701667,471100,2709618333,1635416667,38485875,1201915333,189416,93236,19091,3439469,177375,2585375,17522625,126195725,188835,2388,361832875,211434,47125,8133,265,2357425,1486625,39668875,384131125,537,-978875,28749375,515,836186,166227,31122
Me-T1-42,1859916667,2145225433,623925,1531645,1456367817,50207,1158315,7489,3859908333,1265291667,300435,4151798333,1881866667,37180735,1026935333,220101,86369,12731,3466310,128375,1909375,15163625,108757625,133705,2387,327207875,177223,21125,7822,227,429825,540625,18037875,166237125,485,-999875,36802375,1198,838045,157849,30394
Me-T2-42,2256816667,2016183133,520025,1762438,1540540917,274293,939065,10805,3131218333,1193941667,463256,3728852333,2900986667,44834785,8145633333,228092,79568,12819,3323992,173375,1834375,11604625,64965125,81455,1392,191885875,96246,-17875,2764,322,5073625,1387625,34473875,433147125,931,-942875,25287375,638,822331,161982,29399
Me-T0-43,7053166667,1661735333,439725,1002693,2189783617,8196,906435,27309,3373718333,2647911667,577867,4154545333,2075926667,41113495,1366196333,198316,85724,17124,3589041,322375,2212375,29808625,132892925,171235,3475,367821875,202715,14125,10729,394,2962125,880625,25025875,413237125,534,-806875,66292375,2700,820750,157271,30986
Me-T1-43,8252166667,1944648433,2674425,1188995,2621502117,58604,2047335,8066,9442788333,4463711667,1726911,8178452333,4649776667,51045875,1870765333,188626,104681,21820,3470461,72375,2383375,18411625,78405425,146255,2164,189634875,134669,-10875,4844,595,1404325,291625,17784875,255254125,1026,-740875,52621375,1573,828611,160530,29952
Me-T2-43,2225216667,1840227433,2770325,1546346,2553078617,105200,1438835,13406,8055728333,3758771667,1058122,7233033333,3834246667,40547085,1539642333,208923,99306,17227,3580153,607375,3041375,23437625,119827825,174515,3448,343724875,194443,51125,8128,157,390625,610625,38153875,79355125,690,-637875,51336375,399,824834,155634,29594
Me-T0-45,6184166667,1316136133,1307025,2151833,1005495417,39314,865875,2211,2567808333,2263011667,927944,5211223333,2070086667,21870855,3222453333,294451,68023,16890,2664590,152375,1946375,18566625,102819525,119245,1979,322658875,141623,522125,5625,134,563925,907625,19898875,122252125,241,-906875,59422375,848,943716,171776,34953
Me-T1-45,8794166667,1178787733,2458925,1604130,9771976167,29784,788575,2401,3106888333,2525371667,1305960,6504095333,2087686667,24064645,3886353333,327698,69202,13814,2710337,35375,1785375,20417625,78401525,143805,2891,204594875,171063,699125,5421,106,1559925,1287625,19545875,257026125,455,-969875,33408375,476,948199,173840,36000
Me-T2-45,1023316667,1463818233,2433725,1756329,8952521167,16053,882445,2348,3352008333,2708301667,996660,6909217333,1695706667,21111145,3651333333,316825,71559,15685,2605324,86375,1705375,23857625,107629325,194355,3837,276001875,222112,854125,7537,83,1745525,1266625,17221875,184982125,601,-930875,30757375,560,918679,172715,34056
