Sample ID,MS1_CE(16:1),MS1_CE(18:1),MS1_CE(18:2),MS1_CE(20:4),MS1_CE(20:5),MS1_CE(22:6),MS1_Cer(d18:1/16:0),MS1_Cer(d18:1/18:0),MS1_Cer(d18:1/24:0),MS1_Cer(d18:1/24:1),MS1_Cholesterol,MS1_Cholesteryl hexoside,MS1_Coenzyme Q10,MS1_DG(16:0_18:1),MS1_DG(16:0_20:4),MS1_DG(18:0_18:1),MS1_DG(18:0_20:4),MS1_DG(18:0_22:6),MS1_DG(18:1/18:1),MS1_DG(18:1_20:4),MS1_GB3(d18:1/16:0),MS1_GB3(d18:1/18:0),MS1_GB3(d18:1/24:0),MS1_GB3(d18:1/24:1),MS1_HexCer(d18:1/16:0),MS1_HexCer(d18:1/18:0),MS1_HexCer(d18:1/22:0),MS1_HexCer(d18:1/24:0),MS1_HexCer(d18:1/24:1),MS1_LPC(16:0),MS1_LPC(16:1),MS1_LPC(18:0),MS1_LPC(18:1),MS1_LPC(20:4),MS1_LPC(22:6),MS1_LPC(24:0),MS1_LPC(24:1),MS1_LPC(26:0),MS1_LPC(26:1),MS1_LacCer(d18:1/16:0),MS1_LacCer(d18:1/18:0),MS1_LacCer(d18:1/24:0),MS1_LacCer(d18:1/24:1),MS1_MG(16:0),MS1_MG(18:0),MS1_MG(18:1),MS1_N-Oleoylethanolamine,MS1_PC(16:0/5:0(CHO)),MS1_PC(16:0/9:0(CHO)),MS1_PC(16:0/9:0(COOH)),MS1_PC(34:1),MS1_PC(36:1),MS1_PC(36:2),MS1_PC(36:4),MS1_PC(38:4),MS1_PC(38:6),MS1_PC(40:5),MS1_PC(40:6),MS1_PC(O-16:0/0:0),MS1_PC(O-16:0/2:0),MS1_PC(O-18:0/2:0),MS1_PE(34:1),MS1_PE(36:1),MS1_PE(36:2),MS1_PE(36:4),MS1_PE(38:4),MS1_PE(38:5),MS1_PE(38:6),MS1_PE(40:4),MS1_PE(40:6),MS1_PE(40:7),MS1_Palmitoylethanolamine,MS1_SM(d18:1/16:0),MS1_SM(d18:1/18:0),MS1_SM(d18:1/24:0),MS1_SM(d18:1/24:1),MS1_Sphinganine 1-phosphate,MS1_Sphingosine,MS1_Sphingosine 1-phosphate,MS1_TG(18:0_36:2),MS1_TG(18:1_34:2),MS1_TG(18:1_34:3),MS1_TG(20:4_32:1),MS1_TG(20:4_34:2),MS1_TG(20:4_34:3),MS1_TG(20:4_36:0),MS1_TG(20:4_36:2),MS1_TG(20:4_36:3),MS1_TG(22:6_36:2),MS1_TG(22:6_38:1),MS1_TG(22:6_38:2),MS2_1-Methylhistidine,MS2_1-Methylnicotinamide,"MS2_3-Hydroxy-N6,N6,N6-Trimethyllysine",MS2_4-Hydroxyproline,MS2_4-Trimethylammoniobutanal,MS2_5''-Methylthioadenosine,MS2_5-Hydroxyindoleacetic acid,MS2_5-Hydroxytryptophan,MS2_8-Hydroxyguanosine,MS2_9-Hexadecenoylcarnitine,MS2_Acetylcarnitine,MS2_Adenine,MS2_Adenosine,MS2_Alanine,MS2_Arabitol,MS2_Arginine,MS2_Asparagine,MS2_Asymmetric dimethylarginine,MS2_Betaine,MS2_Butyrobetaine,MS2_Butyrylcarnitine,MS2_Carnitine,MS2_Choline,MS2_Citrulline,MS2_Creatine,MS2_Creatinine,MS2_Cysteinylglycine,MS2_Cystine,MS2_Deoxyadenosine,MS2_Dimethylethanolamine,MS2_Dopa,MS2_Dopamine,MS2_Epinephrine,MS2_Ergothioneine,MS2_Ethanolamine,MS2_Glucose,MS2_Glutamic acid,MS2_Glutamine,MS2_Glutathione,MS2_Glycerophosphocholine,MS2_Glycine,MS2_Guanine,MS2_Hexanoylcarnitine,MS2_Histamine,MS2_Histidine,MS2_Homocysteine,MS2_Homoserine,MS2_Hydroxybutyrylcarnitine,MS2_Hydroxyhexanoylcarnitine,MS2_Hydroxyisovaleroyl carnitine,MS2_Hypoxanthine,MS2_Imidazoleacetic acid,MS2_Inosine,MS2_Isovalerylcarnitine,MS2_Kynurenic acid,MS2_Kynurenine,MS2_Leucine,MS2_Linoleyl carnitine,MS2_Lysine,MS2_Mannose,MS2_Melatonin,MS2_Methionine,MS2_Methionine S-oxide,MS2_Myristoylcarnitine,MS2_N-Acetylaspartic acid,MS2_N-Acetylputrescine,MS2_N-Acetylserine,MS2_N1-Acetylspermidine,MS2_N1-N12-Diacetylspermine,MS2_N1-N8-Diacetylspermidine,"MS2_N6,N6,N6-Trimethyllysine",MS2_Niacinamide,MS2_Nicotinamide riboside,MS2_Nicotinic acid,MS2_Octanoylcarnitine,MS2_Ornithine,MS2_Palmitoylcarnitine,MS2_Phenylalanine,MS2_Proline,MS2_Propionylcarnitine,MS2_Pyridoxamine,MS2_Pyroglutamic acid,MS2_S-Adenosylhomocysteine,MS2_S-Adenosylmethionine,MS2_Sarcosine,MS2_Serine,MS2_Stearoylcarnitine,MS2_Sucrose,MS2_Taurine,MS2_Thiamine,MS2_Threonine,MS2_Trimethylamine-N-oxide,MS2_Tryptophan,MS2_Tyrosine,MS2_Ureidopropionic acid,MS2_Uric acid,MS2_Uridine,MS2_Valerobetaine,MS2_Valine,MS2_Xanthine,MS2_Xanthosine,MS2_cADPRibose,MS2_gamma-Aminobutyric acid
HSA-000028139,0.018,0.187,0.134,0.443,0.16,0.189,3.772,0.751,4.467,5.916,2.175,0.003,0.004,0.577,0.081,0.332,0.114,0.768,0.383,0.062,0.03,0.005,0.022,0.072,1.914,0.576,1.672,2.134,3.582,0.142,0.011,0.293,0.088,0.026,0.007,0.004,0.002,0,0,0.138,0.014,0.034,0.048,127.892,560.565,17.454,8.36E-05,0.006,0.054,0.003,4.09,1.113,3.027,2.235,0.805,0.459,0.213,0.26,0.001,0.048,0.006,7.696,15.004,10.678,1.67,16.827,3.393,2.157,4.263,5.773,3.549,2.79E-05,6.85,1.731,2.073,5.995,0.009,1.376,0.006,0.181,0.866,0.184,0.095,0.086,0.02,0.019,0.148,0.069,0.062,0.002,0.007,0.003,0.073,0.002,0.011,0.001,0.239,0.001,0.002,0.01,0.049,0.047,0.487,0.065,0.075,0.536,0.086,1.088,4.6,0.924,0.06,0.02,0.07,0.158,0.011,0.864,0.049,0.021,0,0.036,0.012,0.003,0.017,0.012,0.041,0.003,0.015,17.605,11.392,11.995,95.837,0.162,0.006,0.002,,0.105,0.337,8.686,0.021,0.011,0.037,0.037,0.152,0.001,0.075,0,0.008,0.217,0.004,0.009,0.007,0.001,0.055,1.389,0.001,5.238,0,0.002,0.732,0.269,0.057,0.008,0.019,0.008,0,0,0.015,0.046,0.649,0.379,0.252,1.23,0.47,0.036,0.102,0.057,2.553,0,0.026,5.83,0.244,4.419,0.014,0.041,0.008,0.007,0.062,0.004,0.032,0.007,0.003,0.01,0.007,0.001
HSA-000028140,0.186,3.119,1.162,5.871,3.731,10.023,5.487,5.53,9.937,25.524,3.843,0.015,0.005,1.034,0.232,0.656,0.838,0.037,1.1,0.219,0.031,0.014,0.025,0.071,2.128,6.127,8.949,15.683,31.879,0.261,0.012,0.565,0.156,0.041,0.012,0.05,0.038,0.003,0.003,0.189,0.063,0.073,0.131,156.286,648.691,22.402,0,0.004,0.046,0.003,4.62,3.268,4.081,2.389,1.018,0.573,0.254,0.38,0.001,0.074,0.011,8.244,22.944,13.551,1.749,17.528,4.034,1.853,4.075,5.264,2.639,0,6.29,2.305,2.986,7.438,0.117,25.931,0.079,0.644,1.435,0.217,0.081,0.076,0.011,0.071,0.273,0.06,0.259,0.021,0.04,0.005,0.066,0.002,0.017,0.001,0.311,0.001,0.004,0.01,0.051,0.053,0.331,0.087,0.089,0.582,0.143,1.151,6.756,0.941,0.053,0.023,0.078,0.154,0.014,0.977,0.065,0.023,0,0.032,0.015,,0.018,0.016,0.046,0.012,0.031,14.522,13.963,12.697,125.801,0.194,0.007,0.002,,0.123,0.632,10.396,0.021,0.009,0.032,0.052,0.076,0.002,0.07,0.001,0.006,0.271,0.003,0.013,0.015,0.002,0.068,2.033,0.001,5.208,0.001,0.003,0.802,0.481,0.103,0.009,0.025,0.009,0,0.001,0.022,0.088,0.841,0.492,0.247,1.262,0.914,0.042,0.144,0.071,3.192,0.001,0.404,3.235,0.329,5.336,0.013,0.053,0.01,0.009,0.095,,0.034,0.005,0.004,0.011,0.01,0.001
HSA-000028142,0.016,0.184,0.13,0.567,0.219,0.173,4.277,1.006,6.352,8.364,1.721,0.003,0.003,0.547,0.159,0.266,0.197,0.273,0.32,0.098,0.041,0.013,0.029,0.055,1.263,0.446,2.211,3.062,3.718,0.295,0.011,0.568,0.138,0.043,0.008,0.007,0.004,0,0.001,0.079,0.008,0.032,0.029,142.75,567.421,17.46,0,0.007,0.029,0.003,3.408,0.963,1.633,2.711,1.2,0.362,0.254,0.244,0.001,0.056,0.011,3.86,9.404,3.698,1.086,12.766,1.758,1.416,3.122,3.373,1.353,3.20E-05,4.632,1.174,1.868,4.745,0.004,1.478,0.005,0.134,0.357,0.066,0.075,0.06,0.015,0.024,0.116,0.078,0.026,0.001,0.003,0.002,0.108,0.001,0.008,0.001,0.212,0,0.002,0.009,0.031,0.041,0.324,0.048,0.047,0.53,0.073,0.807,3.914,0.598,0.031,0.018,0.038,0.128,0.008,0.483,0.034,0.022,0,0.031,0.01,0.001,0.018,0.009,0.029,0.004,0.03,8.063,7.331,7.718,154.445,0.099,0.006,0.002,1.676,0.069,0.428,6.291,0.014,0.008,0.036,0.094,0.115,0.002,0.122,0,0.002,0.152,0.004,0.007,0.011,0.001,0.038,1.551,0,4.631,0,0.001,0.561,0.129,0.083,0.005,0.017,0.011,0,0,0.02,0.057,0.486,0.271,0.256,1.021,0.395,0.027,0.091,0.037,2.159,0,0.043,4.821,0.295,3.085,0.011,0.03,0.005,0.003,0.087,0.002,0.025,0.003,0.003,0.01,0.004,0
HSA-000028143,0.102,1.343,0.759,7,5.05,6.738,6.328,4.952,11.18,25.592,4.345,0.012,0.004,1.411,0.509,1.33,2.177,0.023,1.049,0.399,0.051,0.02,0.048,0.081,1.593,5.255,8.435,14.428,28.479,0.531,0.013,1.119,0.221,0.038,0.009,0.037,0.025,0.002,0.003,0.117,0.045,0.066,0.075,148.222,610.379,21.069,0,0.007,0.045,0.003,4.448,3.199,2.862,3.132,1.404,0.633,0.338,0.426,0.001,0.069,0.02,8.586,22.769,13.947,2.36,18.49,4.942,2.497,4.289,5.998,2.173,0,5.177,2.027,2.922,6.386,0.053,13.438,0.059,0.293,0.639,0.097,0.075,0.066,0.012,0.048,0.188,0.08,0.095,0.008,0.015,0.005,0.165,0.002,0.015,0.001,0.282,0.001,0.004,0.011,0.034,0.051,0.436,0.066,0.079,0.55,0.13,0.896,5.524,0.811,0.032,0.024,0.052,0.149,0.018,0.639,0.052,0.024,0,0.027,0.012,0.001,0.018,0.013,0.043,0.014,0.041,9.511,10.571,9.891,184.217,0.127,0.006,0.002,3.451,0.136,0.551,9.044,0.017,0.009,0.042,0.077,0.085,0.001,0.15,0,0.003,0.224,0.003,0.013,0.018,0.002,0.056,2.23,0.001,6.454,0,0.001,1.508,0.274,0.095,0.008,0.023,0.01,0,0.001,0.027,0.111,0.715,0.358,0.305,1.311,0.797,0.037,0.139,0.062,3.144,0.001,0.391,3.69,0.4,4.488,0.012,0.046,0.009,0.003,0.096,0.002,0.035,0.004,0.004,0.01,0.006,0
HSA-000028145,0.009,0.153,0.067,0.235,0.069,0.061,2.631,0.825,3.925,5.906,0.965,0.003,0.002,0.224,0.031,0.202,0.049,0.747,0.073,0.016,0.031,0.014,0.022,0.067,0.723,0.265,1.517,2.096,2.275,0.386,0.011,0.688,0.17,0.039,0.008,0.004,0.003,0,0,0.088,0.008,0.022,0.024,129.794,523.179,15.596,6.23E-05,0.007,0.023,0.003,2.064,0.532,0.713,2.187,0.803,0.154,0.136,0.121,0.001,0.048,0.011,1.405,4.425,1.33,0.468,5.621,0.67,0.57,1.134,1.174,0.451,,3.051,0.472,0.679,1.913,0.001,1.38,0.004,0.049,0.077,0.01,0.011,0.009,0.002,0.007,0.019,0.014,0.004,0,0.001,0.001,0.054,0.001,0.004,0,0.102,0,0.002,0.01,0.01,0.014,0.464,0.018,0.022,0.508,0.046,0.359,1.835,0.363,0.016,0.007,0.018,0.043,0.005,0.204,0.02,0.019,0.001,0.045,0.006,0.002,0.02,0.004,0.006,0.002,0.027,2.273,3.75,1.547,30.857,0.056,0.004,0.001,,0.033,0.285,2.808,0.007,0.003,0.014,0.024,0.184,0,0.042,0,0.001,0.067,0.002,0.004,0.012,0,0.015,1.015,0,2.297,0,0,0.166,0.062,0.061,0.001,0.01,0.003,0,0,0.008,0.026,0.224,0.127,0.111,0.715,0.253,0.005,0.027,0.02,1.058,0,0.062,6.973,0.111,1.093,0.01,0.019,0.002,0,0.069,0.001,0.007,0.002,0.003,0.012,0.001,7.39E-05
HSA-000028146,0.185,2.72,1.241,12.124,7.974,10.883,6.124,4.932,11.066,24.266,3.612,0.018,0.003,0.922,0.347,0.964,1.434,0.951,0.702,0.26,0.032,0.018,0.067,0.131,1.452,5.082,8.681,14.379,28.965,0.667,0.012,1.202,0.247,0.051,0.009,0.043,0.03,0.002,0.003,0.159,0.054,0.072,0.09,185.499,670.184,21.207,0,0.006,0.033,0.003,4.056,3.149,2.269,3.354,1.601,0.402,0.309,0.307,0.001,0.087,0.022,5.563,16.921,9.535,1.581,14.333,3.456,1.406,2.548,3.605,0.987,0,3.935,1.458,1.814,4.294,0.062,17.049,0.056,0.268,0.312,0.032,0.023,0.018,0.003,0.034,0.085,0.028,0.035,0.007,0.009,0.003,0.166,0.003,0.013,0.001,0.181,0.001,0.003,0.01,0.02,0.036,0.494,0.068,0.055,0.492,0.105,0.819,5.029,0.917,0.031,0.017,0.041,0.087,0.008,0.449,0.038,0.023,0.001,0.031,0.008,0.002,0.015,0.01,0.018,0.02,0.051,4.186,8.28,5.067,114.608,0.109,0.004,0.001,,0.092,0.465,6.584,0.017,0.006,0.029,0.059,0.101,0.001,0.093,0,0.002,0.154,0.003,0.01,0.024,0.001,0.041,2.007,0.001,4.77,0,0.001,1.114,0.238,0.166,0.004,0.02,0.005,0,0,0.029,0.098,0.538,0.292,0.232,1.018,0.647,0.033,0.084,0.052,2.702,0.001,0.419,4.515,0.223,2.766,0.01,0.038,0.006,0.002,0.072,0.003,0.022,0.004,0.003,0.009,0.003,0
HSA-000028148,0.014,0.16,0.097,0.254,0.091,0.097,4.431,1.428,6.828,8.752,2.097,0.004,0.006,0.488,0.127,0.249,0.178,0.048,0.288,0.077,0.032,0.012,0.036,0.089,1.702,0.766,3.229,4.457,5.837,0.294,0.01,0.583,0.117,0.042,0.006,0.01,0.006,0.001,0.001,0.093,0.017,0.057,0.053,120.8,491.597,15.128,0,0.011,0.029,0.003,3.631,1.189,2.029,3.398,1.804,0.56,0.352,0.359,0.001,0.045,0.01,4.84,11.941,5.302,2.148,18.135,3.013,2.581,3.446,4.909,2.069,2.48E-05,5.047,1.641,2.13,5.408,0.007,1.053,0.002,0.088,0.227,0.039,0.028,0.023,0.007,0.013,0.043,0.026,0.013,0.001,0.001,0.002,0.216,0.003,0.013,0.001,0.3,0.001,0.002,0.01,0.022,0.048,0.51,0.067,0.053,0.514,0.083,0.728,4.364,1.158,0.064,0.027,0.051,0.133,0.009,0.663,0.038,0.022,0,0.028,0.009,0.003,0.013,0.011,0.031,0.009,0.02,9.127,8.163,8.86,118.571,0.136,0.006,0.002,,0.086,0.301,6.677,0.021,0.012,0.057,0.112,0.169,0.002,0.217,0,0.003,0.165,0.003,0.009,0.01,0.002,0.046,1.51,0,6.314,0,0.002,2.126,0.443,0.233,0.005,0.022,0.011,0,0.001,0.013,0.066,0.574,0.282,0.398,1.088,0.516,0.044,0.118,0.051,2.131,0,0.027,6.562,0.244,3.338,0.012,0.041,0.007,0.005,0.038,0.002,0.031,0.005,0.003,0.007,0.006,0
HSA-000028149,0.062,0.663,0.441,3.721,2.965,3.402,7.085,5.622,13.291,28.656,4.926,0.014,0.006,1.542,0.59,1.465,2.412,0.932,1.217,0.416,0.033,0.014,0.052,0.09,2.159,5.224,9.068,14.771,28.963,0.632,0.012,1.279,0.232,0.051,0.01,0.045,0.029,0.002,0.003,0.13,0.051,0.085,0.101,187.579,721.036,23.471,0,0.007,0.028,0.003,4.405,3.229,2.999,3.641,1.988,0.712,0.444,0.507,0.001,0.053,0.02,8.529,22.978,14.192,2.815,21.515,5.471,2.981,4.254,6.933,2.222,0,5.311,2.198,2.719,6.559,0.041,11.039,0.038,0.266,0.401,0.055,0.041,0.037,0.007,0.035,0.114,0.048,0.056,0.007,0.012,0.004,0.234,0.003,0.022,0.002,0.347,0.001,0.004,0.008,0.037,0.058,0.453,0.082,0.084,0.18,0.151,1.086,6.129,1.252,0.073,0.032,0.056,0.136,0.014,0.8,0.054,0.022,0.001,0.04,0.011,0.004,0.004,0.015,0.034,0.019,0.046,8.707,11.357,7.884,120.854,0.137,0.002,0.003,,0.149,0.393,8.445,0.026,0.012,0.068,0.124,0.12,0.003,0.241,0,0.004,0.223,0.003,0.017,0.021,0.002,0.067,1.932,0.001,7.536,0,0.002,3.487,0.604,0.314,0.009,0.03,0.012,0,0.001,0.022,0.129,0.801,0.387,0.395,1.274,0.876,0.043,0.159,0.076,2.861,0.001,0.327,4.913,0.452,4.424,0.012,0.057,0.011,0.01,0.062,0.002,0.037,0.006,0.004,0.003,0.007,0
HSA-000028151,0.02,0.196,0.168,0.368,0.07,0.139,4.032,0.693,5.271,6.218,2.644,0.004,0.005,0.652,0.064,0.265,0.126,0.043,0.572,0.084,0.021,0.007,0.014,0.047,2.309,0.66,2.063,2.62,4.408,0.126,0.016,0.267,0.102,0.023,0.008,0.004,0.002,0.001,0,0.153,0.017,0.045,0.065,114.643,505.571,16.251,0,0.002,0.03,0.002,4.409,1.322,3.949,2.064,0.731,0.543,0.248,0.298,0.001,0.03,0.004,9.663,17.578,14.85,1.599,18.997,4.268,2.139,4.715,6.468,4.589,7.11E-05,7.554,2.08,2.55,7.259,0.006,0.967,0.004,0.166,0.929,0.232,0.076,0.072,0.02,0.011,0.119,0.052,0.058,0.002,0.006,0.005,0.072,0.002,0.02,0.001,0.324,0.001,0.003,0.008,0.054,0.053,0.344,0.072,0.107,0.757,0.118,1.419,6.449,1.373,0.094,0.023,0.117,0.202,0.015,0.986,0.062,0.025,0,0.039,0.012,,0.022,0.019,0.049,0.004,0.037,24.683,15.736,14.535,105.593,0.206,0.004,0.002,,0.166,1.729,12.456,0.022,0.013,0.042,0.014,0.03,0.001,0.089,0.003,0.004,0.323,0.005,0.015,0.017,0.002,0.082,1.52,0.001,8.52,0,0.003,1.497,0.407,0.071,0.011,0.025,0.007,0,0.001,0.018,0.031,0.993,0.517,0.279,1.427,0.899,0.054,0.179,0.09,3.595,7.66E-05,0.03,1.259,0.436,6.503,0.017,0.039,0.012,0.01,0.059,,0.042,0.002,0.004,0.011,0.01,0.001
HSA-000028152,0.276,4.74,1.766,7.398,4.857,14.449,6.037,7.067,12.876,31.296,4.33,0.025,0.007,1.771,0.209,0.82,0.932,0.018,2.317,0.401,0.025,0.011,0.027,0.072,2.539,6.737,9.604,16.639,33.798,0.238,0.013,0.539,0.184,0.03,0.014,0.072,0.053,0.004,0.004,0.229,0.072,0.094,0.172,164.92,627.844,24.082,0,0.002,0.032,0.002,5.021,3.57,5.07,2.573,1.127,0.698,0.33,0.449,0.001,0.046,0.01,9.423,27.193,16.611,1.737,19.995,4.78,1.852,5.193,6.462,3.36,7.89E-05,7.517,2.765,3.567,8.585,0.185,28.719,0.132,0.882,1.863,0.278,0.084,0.084,0.01,0.073,0.294,0.055,0.315,0.021,0.048,0.006,0.071,0.003,0.03,0.002,0.43,0.002,0.005,0.004,0.053,0.066,0.368,0.07,0.137,0.89,0.219,1.609,9.447,1.378,0.084,0.032,0.103,0.189,0.018,1.109,0.081,0.03,0.001,0.036,0.016,0.002,0.02,0.023,0.054,0.013,0.093,18.684,19.627,14.68,112.455,0.245,0.005,0.003,,0.21,2.376,15.703,0.027,0.012,0.04,0.008,0.026,0.001,0.091,0.004,0.003,0.394,0.004,0.028,0.037,0.002,0.103,2.15,0.001,8.652,0,0.005,2.733,0.561,0.109,0.016,0.043,0.005,0.001,0.001,0.036,0.094,1.211,0.754,0.29,1.45,1.306,0.045,0.164,0.12,5.13,0.001,0.467,1.008,0.485,8.101,0.016,0.033,0.019,0.014,0.247,0.001,0.046,0.003,0.005,0.011,0.01,0.001
HSA-000028154,0.021,0.188,0.18,0.453,0.126,0.178,5.587,1.777,13.668,11.009,3.559,0.005,0.009,0.894,0.199,0.311,0.285,1.449,0.593,0.16,0.06,0.018,0.051,0.094,2.169,0.891,4.769,7.034,7.389,0.403,0.02,0.68,0.185,0.049,0.011,0.012,0.006,0.001,0.001,0.062,0.012,0.046,0.039,161.725,549.35,16.155,0,0.007,0.025,0.002,4.632,1.839,3.284,3.725,1.983,0.976,0.485,0.55,0.001,0.036,0.009,9.36,20.279,9.55,3.206,27.91,5.181,4.53,7.777,10.086,4.143,3.37E-05,7.095,2.71,4.382,8.78,0.008,1.341,0.004,0.195,0.605,0.12,0.077,0.066,0.022,0.023,0.116,0.067,0.044,0.001,0.004,0.008,0.279,0.004,0.031,0.002,0.484,0.001,0.004,0.008,0.044,0.103,0.685,0.094,0.15,0.665,0.207,1.48,8.117,1.404,0.131,0.051,0.102,0.242,0.018,1.179,0.06,0.023,0,0.024,0.01,0.004,0.012,0.024,0.06,0.014,0.057,21.506,16.654,12.702,188.483,0.218,0.008,0.004,4.604,0.203,1.145,13.839,0.046,0.023,0.132,0.13,0.055,0.002,0.461,0.003,0.002,0.396,0.004,0.026,0.029,0.002,0.114,1.834,0.001,14.505,0,0.003,4.672,0.663,0.189,0.015,0.048,0.012,0.001,0.001,0.035,0.099,1.255,0.679,0.575,1.496,1.308,0.061,0.232,0.127,4.322,0,0.013,1.722,0.528,7.858,0.016,0.067,0.017,0.015,0.141,0.003,0.078,0.004,0.004,0.007,0.011,0.001
HSA-000028155,0.111,1.724,0.9,7.703,8.003,10.972,8.051,6.616,20.874,33.621,5.168,0.019,0.012,1.669,0.374,1.026,1.205,0.022,1.388,0.339,0.07,0.021,0.072,0.107,2.753,5.788,11.426,19.267,33.466,0.532,0.018,1.073,0.256,0.068,0.018,0.082,0.052,0.004,0.005,0.099,0.053,0.1,0.124,152.836,633.644,21.592,0,0.004,0.022,0.002,5.166,3.738,4.292,3.833,2.223,1.089,0.6,0.667,0.001,0.04,0.015,10.122,29.046,14.841,3.292,28.103,6.378,3.534,7.187,9.57,3.342,7.16E-05,7.17,2.971,5.021,9.328,0.12,26.1,0.098,0.603,1.134,0.174,0.107,0.099,0.018,0.08,0.314,0.115,0.173,0.013,0.028,0.005,0.29,0.004,0.028,0.002,0.395,0.002,0.004,0.007,0.047,0.115,0.733,0.101,0.135,0.644,0.193,1.256,6.32,1.153,0.115,0.053,0.087,0.235,0.017,1.089,0.056,0.024,0,0.012,0.014,0.005,0.011,0.024,0.066,0.033,0.045,17.613,15.458,13.661,148.98,0.226,0.004,0.005,4.835,0.156,1.193,12.809,0.054,0.02,0.128,0.082,0.049,0.002,0.394,0.002,0.002,0.382,0.004,0.023,0.025,0.002,0.105,2.008,0.001,14.47,0,0.003,5.785,0.67,0.198,0.013,0.05,0.013,0.001,0.001,0.022,0.181,1.257,0.606,0.562,1.494,1.316,0.049,0.247,0.108,3.972,0.001,0.261,1.63,0.583,7.308,0.016,0.073,0.019,0.013,0.094,0.002,0.076,0.004,0.004,0.006,0.013,0.001
HSA-000028157,0.024,0.195,0.173,0.433,0.1,0.128,3.072,1.111,4.958,4.736,1.563,0.004,0.004,0.396,0.078,0.332,0.096,0.044,0.126,0.035,0.031,0.011,0.049,0.095,1.367,0.605,3.417,4.866,4.696,0.318,0.01,0.719,0.149,0.052,0.007,0.008,0.004,0,0,0.073,0.01,0.036,0.027,170.274,750.419,26.643,0,0.007,0.018,0.002,3.232,1.026,1.508,3.366,1.723,0.33,0.328,0.232,0.001,0.044,0.01,2.764,8.746,2.593,1.278,15.838,1.876,1.292,3.619,3.021,1.06,2.21E-05,4.042,1.082,1.477,3.412,0.001,0.484,0.004,0.08,0.115,0.02,0.017,0.017,0.005,0.012,0.035,0.026,0.007,0.001,0.001,0.003,0.218,0.005,0.012,0.001,0.188,0.001,0.001,0.007,0.017,0.045,0.435,0.04,0.053,0.6,0.088,0.624,4.497,1.167,0.049,0.022,0.044,0.125,0.007,0.432,0.031,0.024,0,0.03,0.009,0.004,0.015,0.01,0.017,0.008,0.042,6.077,7.746,4.393,94.489,0.094,0.004,0.001,0.224,0.088,1.476,6.221,0.012,0.007,0.039,0.065,0.031,0,0.163,0.003,0.001,0.154,0.003,0.009,0.019,0.001,0.041,1.483,0,6.031,0,0.001,2.06,0.529,0.177,0.005,0.019,0.005,0,0,0.016,0.056,0.519,0.244,0.25,1.049,0.486,0.023,0.098,0.045,2.168,0,0.05,1.379,0.299,2.944,0.013,0.033,0.006,0.004,0.082,0.003,0.025,0.001,0.003,0.009,0.004,0
HSA-000028158,0.283,5.175,1.98,18.849,15.452,21.077,8.719,5.9,18.131,31.527,3.464,0.04,0.005,0.747,0.181,0.607,0.726,0.119,0.521,0.154,0.028,0.016,0.071,0.107,2.386,6.02,11.871,19.465,34.829,0.592,0.013,1.09,0.244,0.088,0.013,0.084,0.055,0.003,0.005,0.172,0.077,0.113,0.139,163.325,610.571,20.877,0,0.006,0.026,0.002,4.167,3.269,2.692,3.66,2.011,0.516,0.407,0.339,0.001,0.089,0.019,4.367,17.948,7.454,1.694,18.688,3.279,1.213,3.495,3.487,0.93,8.67E-05,4.47,1.638,2.396,5.026,0.073,26.806,0.064,0.449,0.452,0.043,0.029,0.024,0.003,0.05,0.127,0.031,0.055,0.009,0.013,0.004,0.267,0.005,0.012,0.001,0.279,0.001,0.002,0.008,0.023,0.06,0.54,0.082,0.066,0.626,0.142,0.778,5.704,1.259,0.054,0.024,0.044,0.131,0.009,0.562,0.039,0.024,0.001,0.025,0.014,0.005,0.016,0.013,0.02,0.031,0.052,5.147,9.17,5.782,98.421,0.12,0.004,0.002,0.396,0.118,1.521,7.876,0.026,0.007,0.045,0.055,0.032,0.001,0.155,0.006,0.001,0.198,0.004,0.015,0.026,0.001,0.053,1.731,0.001,7.518,,0.002,4.623,1.152,0.244,0.008,0.027,0.011,0,0,0.019,0.134,0.678,0.33,0.261,1.232,0.8,0.026,0.127,0.055,2.898,0.001,0.397,1.361,0.243,3.465,0.014,0.041,0.008,0.001,0.164,0.003,0.028,0.002,0.003,0.009,0.006,0
HSA-000028160,0.017,0.171,0.109,0.25,0.036,0.067,1.37,0.346,1.851,2.725,0.936,0.002,0.002,0.271,0.03,0.271,0.057,0.927,0.086,0.017,0.013,0.009,0.011,0.023,0.668,0.25,1.261,1.849,2.151,0.382,0.014,0.746,0.181,0.037,0.008,0.003,0.002,0,0,0.06,0.006,0.011,0.012,141.485,521.378,17.66,7.36E-05,0.005,0.013,0.001,1.941,0.399,0.687,2.431,0.943,0.152,0.141,0.109,0.001,0.033,0.01,1.269,3.66,1.184,0.624,7.245,0.829,0.698,1.287,1.172,0.54,,2.885,0.435,0.561,1.771,0.002,0.345,0.002,0.02,0.046,0.007,0.007,0.006,0.002,0.003,0.011,0.008,0.002,0,0,0.002,0.069,0.001,0.011,0.001,0.14,0.001,0.002,0.009,0.011,0.02,0.511,0.016,0.041,0.572,0.086,0.514,3.588,0.633,0.021,0.01,0.018,0.069,0.006,0.314,0.029,0.021,0.001,0.034,0.009,0.002,0.02,0.007,0.008,0.004,0.039,3.047,6.028,1.894,32.139,0.072,0.004,0.001,,0.075,0.991,4.442,0.008,0.004,0.016,0.029,0.06,0,0.06,0.004,0.001,0.117,0.003,0.008,0.019,0.001,0.031,1.244,0,2.461,0,0,0.377,0.065,0.059,0.004,0.018,0.005,0,0,0.012,0.026,0.397,0.225,0.102,0.801,0.446,0.005,0.049,0.032,1.836,0,0.048,2.082,0.194,1.917,0.013,0.028,0.004,0,0.099,0.002,0.01,0.001,0.003,0.011,0.002,9.03E-05
HSA-000028161,0.032,0.378,0.245,2.314,0.788,0.741,3.031,4.255,4.971,17.844,5.174,0.007,0.002,1.747,0.845,2.35,3.932,0.011,1.518,0.66,0.016,0.005,0.015,0.03,0.866,5.244,6.769,10.579,26.864,0.903,0.014,1.798,0.374,0.031,0.009,0.025,0.016,0.002,0.002,0.102,0.036,0.028,0.037,173.155,700.763,25.576,0,0.003,0.019,0.002,3.982,3.133,1.996,3.119,1.297,0.346,0.234,0.296,0.002,0.032,0.024,7.061,16.955,14.112,1.894,11.941,4.799,2.254,2.516,4.281,1.472,0,3.264,1.43,1.114,3.53,0.021,4.666,0.025,0.089,0.108,0.011,0.011,0.01,0.002,0.012,0.036,0.017,0.009,0.001,0.002,0.002,0.14,0.002,0.011,0.001,0.208,0,0.002,0.011,0.017,0.027,0.203,0.021,0.043,0.583,0.108,0.545,3.521,0.611,0.02,0.012,0.018,0.081,0.005,0.343,0.041,0.023,0.001,0.033,0.013,0.002,0.026,0.008,0.01,0.007,0.044,2.882,6.298,2.454,41.743,0.065,0.005,0.001,,0.073,1.628,4.961,0.01,0.004,0.018,0.033,0.033,0.001,0.073,0.013,0.001,0.126,0.003,0.01,0.02,0.001,0.032,1.326,0.001,3.64,,0.001,1.357,0.209,0.112,0.005,0.018,0.001,0,0,0.014,0.104,0.471,0.239,0.122,0.441,0.461,0.013,0.071,0.034,1.881,0.001,0.472,1.316,0.215,2.145,0.012,0.025,0.005,0.001,0.072,0.001,0.013,0.001,0.004,0.015,0.002,0
HSA-000028163,0.013,0.184,0.134,0.338,0.074,0.144,3.922,0.738,4.508,6.361,2.167,0.004,0.004,0.775,0.09,0.355,0.177,0.371,0.776,0.116,0.019,0.009,0.011,0.032,2.089,0.625,1.703,2.113,3.596,0.108,0.012,0.193,0.094,0.02,0.008,0.003,0.002,0,0,0.172,0.018,0.046,0.067,215.373,821.325,27.588,9.39E-05,0.001,0.016,0.001,4.264,1.26,3.701,1.813,0.632,0.429,0.204,0.239,0.001,0.016,0.003,8.01,15.549,13.569,1.187,15.614,3.399,1.778,4.179,5.508,3.692,,6.989,1.829,2.182,6.483,0.005,0.657,0.005,0.239,1.231,0.263,0.107,0.099,0.022,0.018,0.191,0.074,0.089,0.002,0.008,0.004,0.074,0.002,0.016,0.001,0.303,0.001,0.002,0.012,0.022,0.038,0.36,0.086,0.1,0.597,0.115,1.374,6.88,1.036,0.057,0.018,0.085,0.168,0.009,0.925,0.056,0.023,0.001,0.034,0.019,,0.02,0.015,0.041,0.004,0.046,19.897,13.466,9.882,147.062,0.187,0.011,0.002,,0.136,0.781,10.754,0.016,0.009,0.031,0.065,0.066,0.002,0.058,0.001,0.007,0.271,0.002,0.014,0.019,0.001,0.07,1.401,0,6.467,0,0.003,0.99,0.361,0.067,0.01,0.027,0.008,0,0,0.018,0.016,0.806,0.425,0.224,1.186,0.874,0.035,0.126,0.086,2.956,7.46E-05,0.033,2.54,0.392,5.47,0.015,0.043,0.01,0.009,0.111,0.001,0.028,0.004,0.004,0.011,0.008,0.001
HSA-000028164,0.254,5.063,1.567,8.133,4.886,14.2,6.247,7.121,11.403,29.586,4.327,0.028,0.005,0.992,0.186,0.539,0.773,1.159,1.063,0.195,0.024,0.009,0.022,0.063,2.492,6.438,9.63,17.015,33.455,0.226,0.014,0.482,0.185,0.034,0.013,0.068,0.049,0.003,0.004,0.277,0.073,0.096,0.175,223.38,788.408,27.9,0,0.001,0.019,0.005,4.662,3.316,4.737,2.292,0.809,0.592,0.259,0.379,0.001,0.034,0.008,9.67,26.15,17.823,1.648,19.306,4.68,1.918,4.926,6.432,3.443,5.35E-05,7.081,2.741,3.52,8.203,0.093,23.46,0.063,0.863,1.775,0.294,0.096,0.094,0.013,0.075,0.329,0.069,0.308,0.02,0.044,0.007,0.084,0.003,0.012,0.001,0.367,0.001,0.003,0.015,0.028,0.048,0.343,0.07,0.097,0.377,0.134,1.378,7.789,1.071,0.05,0.022,0.088,0.161,0.028,1.189,0.071,0.019,,0.024,0.02,,0.012,0.018,0.046,0.013,0.042,16.27,15.554,15.247,141.874,0.209,0.004,0.002,,,0.522,13.283,0.02,0.01,0.031,0.036,0.095,0.001,0.061,0,0.006,0.301,0.002,,0.02,0.002,0.075,2.074,0.001,7.31,0,0.003,1.132,0.377,0.094,0.014,0.026,0.009,0,0.001,,0.056,0.906,0.465,0.259,1.48,0.986,0.089,,0.081,3.999,0.001,0.46,2.868,0.349,6.322,0.016,0.048,0.016,0.008,0.067,0.002,0.034,0.007,0.005,0.008,,0.001
HSA-000028166,0.02,0.187,0.172,0.501,0.189,0.227,6.542,2.477,19.527,13.412,4.499,0.007,0.013,1.129,0.27,0.426,0.384,0.107,0.693,0.201,0.072,0.018,0.073,0.104,2.477,1.144,6.251,9.405,9.188,0.303,0.02,0.537,0.15,0.068,0.012,0.018,0.008,0.001,0.001,0.058,0.014,0.067,0.049,126.046,518.993,18.481,0,0.007,0.025,0.002,4.937,2.16,3.68,4.091,2.409,1.173,0.578,0.605,0.001,0.037,0.008,10.418,23.633,11.133,3.797,32.853,5.911,4.996,9.725,10.994,4.261,5.09E-05,7.583,2.967,5.402,9.732,0.007,1.426,0.008,0.244,0.682,0.156,0.105,0.087,0.031,0.035,0.143,0.089,0.049,0.001,0.004,0.006,0.4,0.005,0.026,0.002,0.531,0.001,0.005,0.008,0.033,0.081,0.692,0.11,0.137,0.556,0.166,1.383,7.02,1.33,0.135,0.054,0.171,0.27,0.017,1.002,0.054,0.022,0,0.025,0.01,0.004,0.009,0.024,0.089,0.019,0.032,25.488,15.708,19.291,299.602,0.25,0.005,0.004,4.939,0.177,0.728,13.766,0.041,0.027,0.16,0.148,0.074,0.002,0.492,0,0.002,0.387,0.003,0.024,0.019,0.002,0.113,2.179,0.001,16.016,0,0.003,5.644,0.492,0.204,0.013,0.046,0.009,0,0.001,0.032,0.069,1.255,0.664,0.666,1.362,1.163,0.081,0.269,0.113,3.821,0,0.014,2.605,0.743,7.846,0.017,0.068,0.017,0.014,0.076,0.005,0.079,0.006,0.003,0.005,0.018,0.001
HSA-000028167,0.069,1.195,0.596,6.37,7.195,7.979,9.428,7.198,25.94,34.589,6.063,0.024,0.015,1.53,0.38,0.895,1.289,0.161,1.191,0.295,0.08,0.017,0.084,0.124,3.089,5.692,12.715,21.214,33.602,0.471,0.018,0.865,0.239,0.064,0.015,0.088,0.051,0.004,0.005,0.09,0.052,0.113,0.119,143.373,528.278,17.241,0,0.003,0.014,0.002,5.47,3.862,4.617,4.244,2.472,1.232,0.662,0.728,0.001,0.036,0.011,11.591,31.855,16.313,4.002,33.799,7.249,4.362,9.32,10.712,3.864,0,7.572,3.148,5.583,9.922,0.089,18.171,0.068,0.644,1.194,0.208,0.142,0.127,0.027,0.099,0.338,0.141,0.177,0.011,0.025,0.006,0.421,0.006,0.029,0.002,0.54,0.001,0.004,0.008,0.033,0.093,0.754,0.137,0.139,0.508,0.165,1.495,7.14,1.265,0.112,0.059,0.163,0.254,0.02,1.075,0.052,0.023,0,0.016,0.011,0.005,0.008,0.024,0.093,0.034,0.025,21.241,15.058,19.509,330.387,0.242,0.004,0.004,5.087,0.184,0.513,14.887,0.044,0.024,0.153,0.113,0.1,0.002,0.469,0,0.003,0.404,0.003,0.023,0.014,0.003,0.111,2.458,0.001,17.537,0,0.003,7.645,1.435,0.241,0.013,0.046,0.011,0.001,0,0.026,0.105,1.28,0.594,0.679,1.482,0.873,0.072,0.27,0.11,4.046,0.001,0.21,3.688,0.571,8.689,0.017,0.077,0.018,0.009,0.063,0.006,0.081,0.008,0.004,0.005,0.017,0.001
HSA-000028169,0.015,0.184,0.146,0.484,0.14,0.142,4.139,1.434,6.672,6.629,1.916,0.005,0.006,0.524,0.177,0.292,0.203,0.124,0.256,0.092,0.026,0.011,0.039,0.071,1.715,0.776,4.32,6.077,5.644,0.362,0.011,0.636,0.147,0.055,0.006,0.009,0.004,0,0,0.084,0.011,0.047,0.034,144.399,593.572,20.612,8.19E-05,0.008,0.02,0.002,3.464,1.204,1.792,3.435,1.807,0.326,0.334,0.229,0.001,0.049,0.009,3.244,10.107,3.217,1.531,16.978,2.147,1.389,3.919,3.239,1.071,3.15E-05,4.078,1.168,1.621,3.556,0.004,1.229,0.006,0.147,0.201,0.031,0.03,0.027,0.007,0.021,0.064,0.04,0.011,0.001,0.001,0.003,0.282,0.005,0.015,0.001,0.287,0,,0.006,0.017,0.041,0.547,0.052,0.061,0.532,0.099,0.64,5.111,0.942,0.05,0.024,0.049,0.135,0.007,0.481,0.03,0.024,0,0.031,0.008,0.005,0.012,0.01,0.019,0.01,0.035,6.446,7.603,4.812,138.055,0.103,0.005,0.002,,0.089,0.512,6.309,0.02,0.009,0.046,0.08,0.097,0.001,0.169,0,0.002,0.16,0.004,0.01,0.017,0.001,0.044,1.433,0,6.423,0,0.001,2.689,0.403,0.228,0.005,0.022,0.005,0,0.001,0.013,0.06,0.566,0.283,0.323,1.024,0.58,0.014,0.114,0.045,2.258,0,0.041,3.842,0.304,3.171,0.013,0.041,0.006,0.003,0.087,0.004,0.024,0.003,0.003,0.007,0.004,0
HSA-000028170,0.155,2.665,1.274,14.2,10.502,10.452,8.038,6.545,16.179,31.62,4.541,0.026,0.006,1.385,0.469,1.297,1.959,1.096,1.084,0.33,0.032,0.013,0.065,0.088,2.109,5.738,11.072,18.218,32.149,0.681,0.012,1.299,0.267,0.064,0.009,0.067,0.043,0.003,0.003,0.163,0.061,0.095,0.11,284.339,1088.906,37.914,0,0.003,0.012,0.001,4.309,3.212,2.673,3.622,1.955,0.472,0.424,0.352,0.001,0.038,0.018,6.006,19.468,10.691,2.032,18.826,4.276,1.733,3.797,4.592,1.293,0,4.319,1.752,2.336,4.97,0.1,18.193,0.097,0.428,0.49,0.049,0.039,0.035,0.005,0.051,0.146,0.051,0.048,0.007,0.011,0.004,0.31,0.005,0.015,0.001,0.304,0.001,0.003,0.008,0.026,0.05,0.702,0.092,0.061,0.512,0.119,0.68,4.653,0.976,0.052,0.025,0.048,0.135,0.009,0.552,0.03,0.023,0.001,0.032,0.009,0.003,0.01,0.011,0.02,0.031,0.033,5.688,8.071,5.836,129.308,0.119,0.005,0.002,,0.099,0.469,6.325,0.024,0.008,0.049,0.097,0.094,0.001,0.158,0,0.002,0.176,0.005,0.015,0.014,0.001,0.047,1.373,0.001,8.079,0,0.001,4.749,0.784,0.231,0.007,0.024,0.008,0,0.001,0.018,0.127,0.593,0.31,0.334,1.102,0.635,0.034,0.117,0.055,2.249,0.001,0.316,4.139,0.29,2.973,0.013,0.044,0.007,0.003,0.059,0.004,0.026,0.004,0.003,0.006,0.006,0
HSA-000028172,0.016,0.173,0.118,0.293,0.08,0.095,3.612,1.275,6.032,7.245,2.16,0.004,0.007,0.53,0.139,0.355,0.191,0.151,0.238,0.078,0.022,0.011,0.025,0.043,1.703,0.775,3.851,5.317,5.998,0.347,0.011,0.699,0.154,0.046,0.007,0.009,0.005,0.001,0,0.075,0.011,0.039,0.034,177.771,696.611,22.149,0,0.006,0.011,0.001,3.509,1.133,1.822,3.659,2.021,0.411,0.371,0.298,0.001,0.029,0.009,3.574,10.132,3.83,1.775,18.532,2.626,2.083,3.852,4.272,1.425,6.13E-05,4.582,1.366,1.822,4.567,0.004,0.675,0.009,0.081,0.138,0.023,0.02,0.018,0.006,0.013,0.035,0.022,0.008,0,0.001,0.003,0.211,0.004,0.014,0.001,0.295,0.001,0.002,0.007,0.02,0.04,0.444,0.044,0.06,0.485,0.094,0.723,4.218,1.062,0.065,0.027,0.054,0.142,0.013,0.594,0.031,0.02,0,0.031,0.01,0.006,0.009,0.01,0.037,0.011,0.025,7.344,7.939,6.141,118.981,0.117,0.005,0.002,,0.099,0.358,6.297,0.019,0.011,0.06,0.101,0.146,0.001,0.228,0,0.003,0.165,0.004,0.011,0.012,0.001,0.048,1.31,0,7.052,0,0.001,2.75,0.391,0.218,0.005,0.022,0.008,0,0,0.021,0.051,0.571,0.278,0.402,0.927,0.456,0.026,0.129,0.051,2.513,0,0.027,5.754,0.308,3.071,0.012,0.045,0.008,0.002,0.112,0.003,0.028,0.005,0.003,0.006,0.006,0
HSA-000028173,0.038,0.563,0.349,3.576,2.714,2.477,6.056,5.736,12.317,28.025,5.08,0.014,0.007,1.461,0.598,1.575,2.529,0.096,1.191,0.434,0.032,0.012,0.039,0.066,2.146,5.729,10.235,15.956,30.862,0.705,0.012,1.491,0.28,0.047,0.009,0.048,0.028,0.002,0.003,0.112,0.053,0.075,0.087,167.345,691.278,23.48,0.001,0.003,0.013,0.002,4.502,3.325,2.948,3.814,2.15,0.652,0.498,0.467,0.001,0.029,0.018,8.041,22.307,15.063,3.026,22.571,5.686,2.734,4.773,6.241,2.026,0,4.876,2.097,2.628,5.928,0.056,10.658,0.049,0.251,0.304,0.039,0.031,0.03,0.006,0.033,0.106,0.045,0.041,0.005,0.008,0.004,0.265,0.004,0.014,6.94E-05,0.423,0,0.002,0.009,0.025,0.05,0.418,0.069,0.066,0.418,0.109,0.784,4.846,1.07,0.054,0.03,0.056,0.122,0.012,0.544,0.035,0.024,0,0.026,0.01,0.006,0.009,0.011,0.027,0.02,0.023,6.483,9.401,9.401,133.547,0.128,0.004,0.002,,0.102,0.675,7.121,0.023,0.011,0.062,0.073,0.073,0.001,0.24,0,0.003,0.185,0.004,0.011,0.012,0.002,0.047,1.2,0.001,8.247,0,0.001,3.442,0.544,0.216,0.005,0.028,0.011,0,0.001,0.023,0.111,0.621,0.297,0.407,1.008,0.547,0.029,0.16,0.054,2.334,0.001,0.308,2.975,0.309,3.617,0.011,0.046,0.008,0.003,0.064,0.002,0.03,0.003,0.003,0.006,0.007,0
HSA-000028175,0.016,0.206,0.166,0.542,0.187,0.256,4.119,0.871,5.045,6.844,1.772,0.004,0.005,1.107,0.228,0.336,0.24,0.232,1.134,0.27,0.019,0.004,0.014,0.037,2.244,0.649,1.728,2.495,4.11,0.115,0.007,0.228,0.067,0.017,0.005,0.004,0.002,0,0.001,0.175,0.018,0.051,0.069,142.87,484.19,23.039,0,0.003,0.024,0.002,4.084,1.28,3.232,2.28,0.773,0.474,0.223,0.259,0.001,0.032,0.004,6.672,15.178,10.443,1.321,17.209,3.295,1.638,4.544,5.015,3.047,3.04E-05,6.391,1.743,2.198,5.955,0.006,0.744,0.005,0.309,1.074,0.238,0.166,0.177,0.036,0.03,0.339,0.156,0.13,0.003,0.011,0.004,0.159,0.002,0.016,0.004,0.362,0.001,0.003,0.007,0.038,0.054,0.914,0.176,0.111,0.812,0.359,1.259,7.318,1.184,0.078,0.021,0.057,0.171,0.01,0.912,0.063,0.022,0.001,0.082,0.031,0.001,0.031,0.015,0.032,0.007,0.033,16.337,11.258,3.893,64.945,0.176,0.013,0.002,,0.121,1.917,10.032,0.023,0.008,0.037,0.014,0.023,0.005,0.066,0.001,0.003,0.293,0.003,0.017,0.016,0.002,0.081,1.699,0,8.238,0,0.003,2.776,0.785,0.16,0.009,0.033,0.005,0,0.001,0.023,0.043,0.826,0.368,0.22,0.917,0.853,0.026,0.123,0.091,3.734,0,0.025,1.077,0.293,5.105,0.011,0.027,0.01,0.007,0.069,0.004,0.032,0.002,0.005,0.017,0.009,0.001
HSA-000028176,0.187,3.751,1.361,9.716,5.575,10.911,6.564,6.522,10.141,28.788,4.974,0.017,0.006,1.898,0.624,1.27,2.131,1.339,2.26,0.688,0.021,0.008,0.013,0.048,1.984,6.911,9.093,16.294,32.624,0.465,0.012,0.925,0.237,0.032,0.01,0.05,0.036,0.003,0.003,0.245,0.064,0.078,0.134,119.034,421.55,19.796,0.001,0.003,0.026,0.001,4.419,3.434,3.925,2.602,1.034,0.595,0.261,0.403,0.001,0.04,0.015,9.773,25.395,17.844,2.157,18.39,5.855,2.108,4.591,6.17,2.823,0,5.973,2.486,2.974,6.804,0.23,19.453,0.18,0.835,1.469,0.241,0.152,0.163,0.022,0.091,0.492,0.151,0.342,0.022,0.048,0.004,0.1,0.002,0.013,0.003,0.757,0.001,0.004,0.012,0.053,0.046,0.546,0.091,0.081,0.681,0.358,0.876,5.329,0.859,0.054,0.023,0.046,0.138,0.01,0.741,0.082,0.021,0.002,0.008,0.035,0.001,0.034,0.014,0.028,0.009,0.04,11.245,10.139,0.492,63.6,0.156,0.011,0.002,,0.119,1.675,9.164,0.021,0.008,0.029,0.019,0.033,0.003,0.05,0.001,0.003,0.239,0.014,0.015,0.015,0.003,0.064,2.186,0.001,5.157,0.001,0.002,3.192,0.946,0.169,0.01,0.035,0.006,0,0.001,0.02,0.119,0.755,0.377,0.182,1.174,0.847,0.022,0.157,0.074,3.12,0.001,0.528,1.288,0.318,4.331,0.01,0.035,0.009,0.007,0.098,0.002,0.027,0.001,0.007,0.021,0.007,0.001
HSA-000028178,0.042,0.272,0.421,0.97,0.217,0.311,5.49,1.947,11.971,10.691,2.752,0.005,0.009,0.7,0.243,0.321,0.275,0.204,0.576,0.178,0.029,0.012,0.002,0.054,1.422,0.628,3.965,6.187,5.466,0.323,0.012,0.612,0.134,0.044,0.007,0.013,0.006,0.001,0.001,0.051,0.008,0.036,0.026,108.872,376.252,17.044,0,0.007,0.028,0.002,3.991,1.572,2.487,3.395,1.931,0.642,0.412,0.445,0.001,0.048,0.01,5.062,13.683,5.164,1.847,20.622,2.76,2.251,5.41,5.67,1.969,,5.14,1.675,3.08,5.944,0.008,0.86,0.006,0.157,0.361,0.069,0.058,0.057,0.016,0.03,0.114,0.069,0.033,0.001,0.003,0.004,0.377,0.004,0.015,0.004,0.311,0.001,0.003,0.009,0.02,0.065,1.145,0.209,0.101,0.641,0.386,0.952,6.609,0.991,0.077,0.025,0.059,0.195,0.009,0.588,0.05,0.02,0.001,0.054,0.02,0.003,0.02,0.014,0.034,0.011,0.031,13.542,9.254,4.142,131.91,0.176,0.009,0.002,1.808,0.136,1.815,8.245,0.028,0.013,0.08,0.048,0.028,0.005,0.221,0.001,0.001,0.267,0.004,0.02,0.017,0.002,0.08,1.666,0,9.804,0,0.002,1.939,0.245,0.101,0.009,0.029,0.005,0,0.001,0.02,0.066,0.757,0.389,0.314,0.764,0.872,0.028,0.167,0.087,3.376,0,0.027,1.155,0.44,4.177,0.01,0.031,0.01,0.003,0.093,0.006,0.04,0.002,0.004,0.011,0.01,0
HSA-000028179,0.07,1.165,0.612,6.247,6.469,8.212,7.111,7.291,19.646,31.858,5.975,0.019,0.007,1.261,0.512,1.174,1.92,0.119,1.251,0.462,0.041,0.02,0.046,0.07,1.949,6.276,11.779,19.176,33.76,0.602,0.011,1.204,0.218,0.041,0.01,0.069,0.043,0.003,0.004,0.087,0.052,0.08,0.082,118.37,438.425,19.872,0,0.005,0.026,0.002,4.907,3.749,3.741,3.719,2.117,0.885,0.551,0.593,0.001,0.045,0.019,9.144,25.766,15.354,2.942,23.633,5.915,2.829,6.172,7.182,2.526,0,5.56,2.319,3.909,7.056,0.174,15.697,0.144,0.419,0.569,0.078,0.06,0.059,0.01,0.069,0.216,0.069,0.115,0.01,0.021,0.006,0.624,0.007,0.023,0.004,1.361,0.001,0.003,0.011,0.026,0.081,0.746,0.078,0.128,0.644,0.357,1.026,6.509,0.99,0.08,0.032,0.064,0.178,0.123,0.463,0.086,0.024,0.001,,0.033,0.003,0.028,0.017,0.036,0.018,0.048,13.339,11.265,0.408,149.681,0.204,0,0.004,3.553,0.161,1.725,10.186,0.031,0.013,0.096,0.041,0.028,0.002,0.271,0.001,0.001,0.26,0.007,0.017,0.022,0.004,0.086,2.429,0.001,10.047,,0.002,2.343,0.246,0.141,0.009,0.082,,0.001,0.001,0.028,0.131,0.86,0.475,0.346,0.974,0.652,0.07,0.204,0.108,7.227,0.001,0.479,1.307,0.318,5.568,0.011,0.036,0.01,0.005,,0.002,0.047,0.002,0.007,0.016,0.011,0.001
HSA-000028181,0.017,0.183,0.13,0.416,0.145,0.133,4.316,1.648,9.216,7.657,2.183,0.006,0.01,0.6,0.189,0.322,0.168,0.641,0.37,0.091,0.024,0.013,0.058,0.089,1.859,1.006,6.05,8.251,6.9,0.286,0.01,0.573,0.109,0.075,0.007,0.013,0.007,0.001,0.001,0.067,0.014,0.044,0.035,109.261,415.044,14.483,9.85E-05,0.009,0.021,0.003,3.838,1.544,2.27,3.826,2.318,0.486,0.504,0.345,0.001,0.062,0.01,4.002,13.701,4.252,2.07,20.949,3.019,1.952,5.717,5.413,1.508,4.76E-05,4.551,1.555,2.281,4.396,0.006,1.134,0.006,0.155,0.185,0.029,0.026,0.028,0.008,0.023,0.064,0.042,0.013,0.001,0.001,0.003,0.547,0.007,0.012,0.004,0.323,0.001,0.002,0.007,0.024,0.069,1.908,0.231,0.1,0.615,0.344,0.97,5.546,1.508,0.121,0.031,0.053,0.164,0.012,0.704,0.031,0.019,0,0.164,0.014,0.01,0.013,0.012,0.02,0.017,0.019,7.954,7.673,3.398,80.007,0.143,0.01,0.002,,0.102,0.973,6.732,0.037,0.012,0.086,0.061,0.051,0.003,0.249,0,0.001,0.245,0.003,0.016,0.009,0.002,0.07,1.344,0.001,11.738,0,0.002,9.739,1.367,0.311,0.008,0.025,0.011,0.001,0,0.015,0.076,0.66,0.251,0.412,0.792,0.454,0.024,0.164,0.076,3.439,0.001,0.019,2.098,0.276,3.257,0.01,0.044,0.008,0.006,0.056,0.005,0.036,0.002,0.003,0.008,0.01,0
HSA-000028182,0.175,3.588,1.492,14.969,15.23,16.609,9.343,7.917,23.212,37.703,4.812,0.039,0.008,1.235,0.434,1.113,1.793,0.185,1.207,0.39,0.034,0.017,0.073,0.095,2.389,6.19,13.391,19.763,33.611,0.724,0.01,1.412,0.24,0.042,0.007,0.078,0.045,0.003,0.005,0.146,0.072,0.13,0.133,95.875,374.303,16.642,0,0.005,0.019,0.002,4.344,3.342,3.024,3.741,2.206,0.645,0.49,0.461,0.001,0.059,0.02,6.474,21.674,11.312,2.317,21.189,4.673,1.94,4.42,5.285,1.411,0,4.648,1.985,2.761,5.505,0.129,19.253,0.109,0.488,0.501,0.053,0.038,0.036,0.005,0.058,0.155,0.048,0.06,0.007,0.012,0.003,0.408,0.008,0.013,0.004,0.305,0.001,0.002,0.008,0.024,0.057,1.066,0.159,0.067,0.599,0.318,0.68,5.183,1.315,0.062,0.027,0.041,0.13,0.007,0.534,0.03,0.021,0.001,0.004,0.017,0.008,0.014,0.011,0.018,0.039,0.029,5.885,7.684,3.062,100.783,0.145,0.004,0.002,,0.106,1.223,7.147,0.029,0.008,0.056,0.045,0.038,0.001,0.177,0,0.001,0.19,0.005,0.013,0.012,0.002,0.053,1.612,0.001,6.71,0,0.001,5.405,0.69,0.254,0.006,0.019,0.007,0,0,0.017,0.137,0.615,0.266,0.345,0.957,0.479,0.025,0.15,0.057,2.521,0.002,0.362,1.75,0.244,3.425,0.008,0.035,0.007,0.002,0.073,0.002,0.03,0.002,0.003,0.008,0.008,0
HSA-000028184,0.018,0.188,0.152,0.34,0.107,0.117,3.931,1.58,8.849,8.001,2.43,0.005,0.008,0.379,0.091,0.243,0.141,0.406,0.248,0.05,0.023,0.009,0.035,0.056,1.842,0.964,5.312,8.13,7.215,0.311,0.009,0.655,0.119,0.045,0.006,0.013,0.007,0.001,0.001,0.074,0.013,0.05,0.038,133.741,483.834,22.286,0,0.008,0.018,0.003,3.695,1.368,2.214,3.824,2.346,0.561,0.439,0.408,0.001,0.048,0.011,4.346,12.757,4.97,2.228,22.535,3.206,2.455,4.786,5.943,1.91,3.23E-05,4.73,1.648,2.4,5.131,0.003,0.988,0.005,0.076,0.137,0.024,0.018,0.018,0.007,0.014,0.038,0.024,0.011,0.001,0.001,0.004,0.436,0.006,0.014,0.003,0.455,0.001,0.002,0.01,0.019,0.058,1.398,0.185,0.082,0.571,0.338,0.955,5.298,1.391,0.083,0.032,0.063,0.171,0.007,0.613,0.039,0.021,0,0.04,0.016,0.008,0.015,0.013,0.026,0.015,0.026,8.739,9.124,5.511,94.016,0.128,0.006,0.002,,0.114,0.983,7.216,0.026,0.014,0.082,0.059,0.054,0.001,0.273,0,0.001,0.22,0.002,0.014,0.012,0.002,0.066,1.592,0.001,10.248,0,0.001,8.216,1.001,0.251,0.007,0.023,0.007,0,0.001,0.015,0.063,0.709,0.279,0.4,0.863,0.485,0.041,0.179,0.072,2.954,0,0.028,2.03,0.344,3.796,0.01,0.043,0.008,0.004,0.055,0.004,0.033,0.002,0.003,0.008,0.008,0
HSA-000028185,0.059,0.747,0.47,4.378,4.263,3.85,7.705,7.602,18.773,34.814,7.178,0.02,0.009,1.418,0.616,1.788,2.81,0.128,1.268,0.455,0.029,0.009,0.044,0.06,2.309,6.541,12.404,19.453,34.612,0.845,0.013,1.626,0.297,0.046,0.009,0.061,0.035,0.003,0.004,0.111,0.057,0.09,0.094,140.057,531.533,21.728,0,0.008,0.027,0.003,4.681,3.613,3.298,3.975,2.397,0.813,0.585,0.566,0.002,0.064,0.025,9.462,26.749,17.19,3.522,25.799,6.69,3.31,5.716,7.602,2.229,0,5.002,2.369,3.169,6.385,0.019,13.731,0.015,0.232,0.225,0.029,0.022,0.019,0.004,0.032,0.08,0.032,0.031,0.004,0.007,0.004,0.5,0.007,0.017,0.004,0.485,0.001,0.003,0.012,0.025,0.066,1.324,0.232,0.094,0.475,0.356,0.889,5.707,1.405,0.084,0.037,0.056,0.141,0.01,0.615,0.044,0.021,0.001,0.02,0.02,0.006,0.013,0.014,0.027,0.03,0.022,7.922,9.157,4.465,95.848,0.122,0.005,0.003,,0.13,0.64,7.686,0.034,0.015,0.092,0.047,0.087,0.002,0.302,0,0.002,0.245,0.003,0.016,0.01,0.003,0.072,1.444,0.001,9.018,0,0.002,8.053,0.883,0.272,0.007,0.021,0.006,0,0.001,0.02,0.147,0.768,0.294,0.429,0.855,0.537,0.041,0.206,0.077,3.024,0.001,0.295,3.04,0.256,4.105,0.009,0.05,0.01,0.007,0.078,0.002,0.037,0.004,0.004,0.007,0.011,0
HSA-000028400,0.08,1.108,0.553,3.548,2.139,3.421,5.427,3.061,10.287,17.277,3.571,0.009,0.006,0.994,0.259,0.632,0.859,0.418,0.83,0.232,0.034,0.01,0.042,0.066,1.913,2.665,6.102,9.968,17.975,0.385,0.012,0.733,0.171,0.045,0.009,0.026,0.016,0.001,0.001,0.102,0.031,0.06,0.071,149.005,544.378,20.761,0,0.007,0.026,0.003,4.185,2.423,2.917,3.33,1.747,0.594,0.382,0.38,0.001,0.05,0.012,6.701,16.786,9.591,2.086,19.733,3.872,2.284,4.615,5.795,2.287,9.14E-05,5.495,1.93,2.914,6.455,0.029,7.233,0.025,0.303,0.627,0.11,0.057,0.054,0.012,0.032,0.138,0.06,0.072,0.005,0.01,0.005,0.364,0.004,0.018,0.002,0.412,0.001,0.002,0.017,0.021,0.051,0.449,0.073,0.077,0.519,0.17,0.957,5.991,1.07,0.052,0.027,0.073,0.161,0.013,0.607,0.074,0.023,0.001,0.028,0.029,0.005,0.024,0.014,0.035,0.007,0.04,12.52,11.168,7.685,148.715,0.146,0.008,0.002,1.089,0.123,1.058,8.827,0.022,0.011,0.055,0.067,0.052,0.002,0.186,0.002,0.002,0.24,0.004,0.012,0.017,0.003,0.063,1.69,0.001,7.928,0,0.002,2.402,0.392,0.159,0.007,0.027,0.007,0,0.001,0.021,0.066,0.741,0.35,0.321,1.038,0.826,0.036,0.131,0.069,3.009,0.001,0.19,1.841,0.353,4.437,0.019,0.046,0.009,0.004,0.075,0.001,0.034,0.002,0.006,0.014,0.007,0.001
HSA-000028401,0.101,1.144,0.683,4.091,2.198,3.683,4.965,2.85,9.277,16.279,2.964,0.012,0.006,0.965,0.254,0.629,0.769,0.385,0.795,0.203,0.036,0.01,0.04,0.056,1.8,2.558,5.91,9.646,17.143,0.389,0.013,0.759,0.174,0.05,0.009,0.026,0.016,0.001,0.002,0.104,0.029,0.055,0.067,158.461,582.754,21.306,0,0.007,0.026,0.002,4.181,2.355,2.908,3.331,1.711,0.596,0.375,0.38,0.001,0.052,0.011,6.601,17.009,9.43,2.033,19.96,3.881,2.206,4.617,5.794,2.246,0,5.531,1.861,2.841,6.245,0.038,6.441,0.025,0.286,0.613,0.102,0.054,0.05,0.012,0.034,0.135,0.053,0.063,0.005,0.011,0.004,0.369,0.004,0.018,0.002,0.568,0.001,0.003,0.017,0.024,0.053,0.417,0.069,0.083,0.533,0.176,0.914,5.726,1.113,0.064,0.027,0.071,0.161,0.015,0.582,0.076,0.02,0.001,0.028,0.032,0.003,0.024,0.014,0.033,0.007,0.032,12.238,10.279,7.296,142.436,0.14,0.009,0.002,0.998,0.115,1.061,8.989,0.023,0.011,0.057,0.058,0.055,0.003,0.189,0.002,0.003,0.239,0.004,0.014,0.016,0.003,0.062,1.752,0.001,7.725,0,0.002,2.547,0.416,0.181,0.008,0.028,0.008,0,0.001,0.021,0.068,0.754,0.381,0.327,0.965,0.747,0.063,0.175,0.073,3.164,0.001,0.151,2.019,0.361,4.155,0.02,0.045,0.009,0.006,0.099,0.003,0.033,0.003,0.006,0.014,0.01,0.001
HSA-000028402,0.072,0.95,0.478,2.873,1.765,2.886,5.126,2.928,9.714,16.289,3.092,0.009,0.006,0.993,0.262,0.645,0.775,0.398,0.728,0.211,0.028,0.016,0.056,0.077,1.833,2.453,5.832,9.222,16.233,0.398,0.014,0.74,0.173,0.053,0.01,0.027,0.016,0.001,0.002,0.102,0.028,0.057,0.068,160.658,570.612,20.926,0,0.006,0.024,0.002,4.151,2.364,2.927,3.331,1.748,0.572,0.379,0.374,0.001,0.052,0.012,6.375,16.568,9.206,2.011,19.544,3.72,2.224,4.772,5.665,2.272,0,5.567,1.898,2.946,6.305,0.037,7.136,0.029,0.277,0.622,0.103,0.056,0.052,0.011,0.034,0.138,0.055,0.066,0.005,0.01,0.004,0.398,0.004,0.014,0.002,0.535,0.001,0.003,0.018,0.026,0.055,0.404,0.07,0.083,0.548,0.184,0.916,5.141,0.989,0.076,0.027,0.072,0.158,0.015,0.634,0.077,0.022,0.001,0.025,0.033,0.003,0.024,0.014,0.031,0.007,0.032,12.673,10.689,7.257,125.922,0.131,0.01,0.002,1.05,0.117,0.995,8.52,0.027,0.012,0.068,0.054,0.057,0.003,0.195,0.002,0.003,0.234,0.005,0.014,0.016,0.003,0.062,1.59,0.001,6.863,0,0.002,2.429,0.393,0.165,0.008,0.028,0.01,0,0,0.022,0.064,0.756,0.344,0.326,0.964,0.599,0.025,0.14,0.068,3.057,0.001,0.174,2.092,0.402,4.262,0.021,0.055,0.01,0.004,0.086,0.002,0.033,0.002,0.006,0.015,0.008,0.001
HSA-000028403,0.063,0.926,0.424,2.759,1.687,2.643,4.682,2.861,9.508,16.16,3.061,0.008,0.006,0.97,0.239,0.691,0.761,0.408,0.817,0.21,0.027,0.013,0.042,0.088,1.807,2.487,5.816,9.201,16.778,0.398,0.014,0.761,0.176,0.056,0.011,0.027,0.016,0.001,0.002,0.103,0.027,0.056,0.063,171.795,630.14,23.385,0,0.006,0.024,0.002,4.272,2.413,2.978,3.356,1.786,0.57,0.384,0.374,0.001,0.05,0.011,6.359,16.927,9.242,1.949,19.928,3.551,2.292,4.675,5.659,2.308,8.86E-05,5.421,1.888,2.869,6.183,0.035,7.699,0.028,0.29,0.632,0.101,0.055,0.05,0.011,0.034,0.129,0.054,0.068,0.005,0.01,0.004,0.406,0.004,0.016,0.002,0.649,0.001,0.003,0.016,0.027,0.053,0.484,0.073,0.091,0.583,0.184,0.973,5.43,1.025,0.079,0.027,0.069,0.16,0.011,0.672,0.08,0.021,0.001,0.022,0.037,0.004,0.025,0.014,0.03,0.007,0.035,11.868,10.499,6.959,121.987,0.148,0.01,0.002,0.918,0.112,0.916,8.074,0.025,0.012,0.064,0.061,0.062,0.003,0.183,0.002,0.003,0.228,0.005,0.014,0.015,0.003,0.062,1.546,0.001,7.284,0,0.002,2.481,0.393,0.175,0.008,0.027,0.009,0,0,0.027,0.072,0.745,0.353,0.329,1.084,0.77,0.039,0.155,0.073,2.93,0.001,0.154,2.15,0.365,5.818,0.019,0.047,0.01,0.007,0.071,0.001,0.037,0.003,0.007,0.015,0.008,0.001
